
DROP SEQUENCE userNO;
DROP SEQUENCE cafeNo;
DROP SEQUENCE themeNo;
DROP SEQUENCE partyNo;
DROP SEQUENCE reserveDateNo;
DROP SEQUENCE reserveTimeNo;
DROP SEQUENCE reserveNo;
DROP SEQUENCE reserveMemberNo;
DROP SEQUENCE reviewNo;
DROP SEQUENCE recordNo;
DROP SEQUENCE gameNo;
DROP SEQUENCE themeTimeNo;


--------------------------------------------------------
--  파일이 생성됨 - 목요일-9월-30-2021   
--------------------------------------------------------
--------------------------------------------------------
--  DDL for Sequence CAFENO
--------------------------------------------------------

   CREATE SEQUENCE  "NEXTROOM"."CAFENO"  MINVALUE 1 MAXVALUE 9999999999999999999999999999 INCREMENT BY 1 START WITH 5 NOCACHE  NOORDER  NOCYCLE ;
--------------------------------------------------------
--  DDL for Sequence GAMENO
--------------------------------------------------------

   CREATE SEQUENCE  "NEXTROOM"."GAMENO"  MINVALUE 1 MAXVALUE 9999999999999999999999999999 INCREMENT BY 1 START WITH 1 NOCACHE  NOORDER  NOCYCLE ;
--------------------------------------------------------
--  DDL for Sequence PARTYNO
--------------------------------------------------------

   CREATE SEQUENCE  "NEXTROOM"."PARTYNO"  MINVALUE 1 MAXVALUE 9999999999999999999999999999 INCREMENT BY 1 START WITH 2 NOCACHE  NOORDER  NOCYCLE ;
--------------------------------------------------------
--  DDL for Sequence RECORDNO
--------------------------------------------------------

   CREATE SEQUENCE  "NEXTROOM"."RECORDNO"  MINVALUE 1 MAXVALUE 9999999999999999999999999999 INCREMENT BY 1 START WITH 1 NOCACHE  NOORDER  NOCYCLE ;
--------------------------------------------------------
--  DDL for Sequence RESERVEDATENO
--------------------------------------------------------

   CREATE SEQUENCE  "NEXTROOM"."RESERVEDATENO"  MINVALUE 1 MAXVALUE 9999999999999999999999999999 INCREMENT BY 1 START WITH 2 NOCACHE  NOORDER  NOCYCLE ;
--------------------------------------------------------
--  DDL for Sequence RESERVEMEMBERNO
--------------------------------------------------------

   CREATE SEQUENCE  "NEXTROOM"."RESERVEMEMBERNO"  MINVALUE 1 MAXVALUE 9999999999999999999999999999 INCREMENT BY 1 START WITH 1 NOCACHE  NOORDER  NOCYCLE ;
--------------------------------------------------------
--  DDL for Sequence RESERVENO
--------------------------------------------------------

   CREATE SEQUENCE  "NEXTROOM"."RESERVENO"  MINVALUE 1 MAXVALUE 9999999999999999999999999999 INCREMENT BY 1 START WITH 1 NOCACHE  NOORDER  NOCYCLE ;
--------------------------------------------------------
--  DDL for Sequence RESERVETIMENO
--------------------------------------------------------

   CREATE SEQUENCE  "NEXTROOM"."RESERVETIMENO"  MINVALUE 1 MAXVALUE 9999999999999999999999999999 INCREMENT BY 1 START WITH 3 NOCACHE  NOORDER  NOCYCLE ;
--------------------------------------------------------
--  DDL for Sequence REVIEWNO
--------------------------------------------------------

   CREATE SEQUENCE  "NEXTROOM"."REVIEWNO"  MINVALUE 1 MAXVALUE 9999999999999999999999999999 INCREMENT BY 1 START WITH 2 NOCACHE  NOORDER  NOCYCLE ;
--------------------------------------------------------
--  DDL for Sequence THEMENO
--------------------------------------------------------

   CREATE SEQUENCE  "NEXTROOM"."THEMENO"  MINVALUE 1 MAXVALUE 9999999999999999999999999999 INCREMENT BY 1 START WITH 22 NOCACHE  NOORDER  NOCYCLE ;
--------------------------------------------------------
--  DDL for Sequence THEMETIMENO
--------------------------------------------------------

   CREATE SEQUENCE  "NEXTROOM"."THEMETIMENO"  MINVALUE 1 MAXVALUE 9999999999999999999999999999 INCREMENT BY 1 START WITH 13 NOCACHE  NOORDER  NOCYCLE ;
--------------------------------------------------------
--  DDL for Sequence USERNO
--------------------------------------------------------

   CREATE SEQUENCE  "NEXTROOM"."USERNO"  MINVALUE 1 MAXVALUE 9999999999999999999999999999 INCREMENT BY 1 START WITH 6 NOCACHE  NOORDER  NOCYCLE ;
--------------------------------------------------------
--  DDL for Table CAFE
--------------------------------------------------------

  CREATE TABLE "NEXTROOM"."CAFE" 
   (	"CAFENO" NUMBER, 
	"USERNO" NUMBER, 
	"CAFENAME" VARCHAR2(50 BYTE), 
	"CAFEHP" VARCHAR2(20 BYTE), 
	"OPENTIME" VARCHAR2(20 BYTE), 
	"CLOSETIME" VARCHAR2(20 BYTE), 
	"CAFEINTRO" VARCHAR2(2000 BYTE), 
	"URL" VARCHAR2(200 BYTE), 
	"CAFEIMG" VARCHAR2(200 BYTE), 
	"ADDRESS" VARCHAR2(500 BYTE), 
	"SIDO" VARCHAR2(50 BYTE), 
	"SIDODETAIL" VARCHAR2(50 BYTE)
   ) SEGMENT CREATION IMMEDIATE 
  PCTFREE 10 PCTUSED 40 INITRANS 1 MAXTRANS 255 NOCOMPRESS LOGGING
  STORAGE(INITIAL 65536 NEXT 1048576 MINEXTENTS 1 MAXEXTENTS 2147483645
  PCTINCREASE 0 FREELISTS 1 FREELIST GROUPS 1 BUFFER_POOL DEFAULT FLASH_CACHE DEFAULT CELL_FLASH_CACHE DEFAULT)
  TABLESPACE "SYSTEM" ;

   COMMENT ON COLUMN "NEXTROOM"."CAFE"."CAFENO" IS '카페번호';
   COMMENT ON COLUMN "NEXTROOM"."CAFE"."USERNO" IS '회원번호';
   COMMENT ON COLUMN "NEXTROOM"."CAFE"."CAFENAME" IS '카페이름';
   COMMENT ON COLUMN "NEXTROOM"."CAFE"."CAFEHP" IS '카페전화번호';
   COMMENT ON COLUMN "NEXTROOM"."CAFE"."OPENTIME" IS '카페오픈시간';
   COMMENT ON COLUMN "NEXTROOM"."CAFE"."CLOSETIME" IS '카페마감시간';
   COMMENT ON COLUMN "NEXTROOM"."CAFE"."CAFEINTRO" IS '카페소개글';
   COMMENT ON COLUMN "NEXTROOM"."CAFE"."URL" IS '카페URL';
   COMMENT ON COLUMN "NEXTROOM"."CAFE"."CAFEIMG" IS '메인이미지경로';
   COMMENT ON COLUMN "NEXTROOM"."CAFE"."ADDRESS" IS '출력용주소';
   COMMENT ON COLUMN "NEXTROOM"."CAFE"."SIDO" IS '---관리용주소1 시/도';
   COMMENT ON COLUMN "NEXTROOM"."CAFE"."SIDODETAIL" IS '---관리용주소2 서울시/경기도만 사용';
   COMMENT ON TABLE "NEXTROOM"."CAFE"  IS '카페';
--------------------------------------------------------
--  DDL for Table INTERIORIMG
--------------------------------------------------------

  CREATE TABLE "NEXTROOM"."INTERIORIMG" 
   (	"CAFENO" NUMBER, 
	"IMG" VARCHAR2(200 BYTE)
   ) SEGMENT CREATION IMMEDIATE 
  PCTFREE 10 PCTUSED 40 INITRANS 1 MAXTRANS 255 NOCOMPRESS LOGGING
  STORAGE(INITIAL 65536 NEXT 1048576 MINEXTENTS 1 MAXEXTENTS 2147483645
  PCTINCREASE 0 FREELISTS 1 FREELIST GROUPS 1 BUFFER_POOL DEFAULT FLASH_CACHE DEFAULT CELL_FLASH_CACHE DEFAULT)
  TABLESPACE "SYSTEM" ;

   COMMENT ON COLUMN "NEXTROOM"."INTERIORIMG"."CAFENO" IS '카페번호';
   COMMENT ON COLUMN "NEXTROOM"."INTERIORIMG"."IMG" IS '인테리어이미지경로';
   COMMENT ON TABLE "NEXTROOM"."INTERIORIMG"  IS '카페이미지';
--------------------------------------------------------
--  DDL for Table PARTY
--------------------------------------------------------

  CREATE TABLE "NEXTROOM"."PARTY" 
   (	"PARTYNO" NUMBER, 
	"RESERVEDATENO" NUMBER, 
	"RESERVEDATE" DATE, 
	"CAFENO" NUMBER, 
	"THEMENO" NUMBER, 
	"RESERVETIMENO" NUMBER, 
	"RESERVEPERSON" NUMBER, 
	"CONTENT" VARCHAR2(2000 BYTE), 
	"PARTYSTATE" VARCHAR2(20 BYTE)
   ) SEGMENT CREATION IMMEDIATE 
  PCTFREE 10 PCTUSED 40 INITRANS 1 MAXTRANS 255 NOCOMPRESS LOGGING
  STORAGE(INITIAL 65536 NEXT 1048576 MINEXTENTS 1 MAXEXTENTS 2147483645
  PCTINCREASE 0 FREELISTS 1 FREELIST GROUPS 1 BUFFER_POOL DEFAULT FLASH_CACHE DEFAULT CELL_FLASH_CACHE DEFAULT)
  TABLESPACE "SYSTEM" ;

   COMMENT ON COLUMN "NEXTROOM"."PARTY"."PARTYNO" IS '파티리스트번호';
   COMMENT ON COLUMN "NEXTROOM"."PARTY"."RESERVEDATENO" IS '예약날짜번호';
   COMMENT ON COLUMN "NEXTROOM"."PARTY"."RESERVEDATE" IS '희망날짜';
   COMMENT ON COLUMN "NEXTROOM"."PARTY"."CAFENO" IS '카페번호';
   COMMENT ON COLUMN "NEXTROOM"."PARTY"."THEMENO" IS '테마번호';
   COMMENT ON COLUMN "NEXTROOM"."PARTY"."RESERVETIMENO" IS '예약시간번호';
   COMMENT ON COLUMN "NEXTROOM"."PARTY"."RESERVEPERSON" IS '인원';
   COMMENT ON COLUMN "NEXTROOM"."PARTY"."CONTENT" IS '내용';
   COMMENT ON COLUMN "NEXTROOM"."PARTY"."PARTYSTATE" IS '모집상태';
   COMMENT ON TABLE "NEXTROOM"."PARTY"  IS '파티구하기';
--------------------------------------------------------
--  DDL for Table PARTYAPPLICANT
--------------------------------------------------------

  CREATE TABLE "NEXTROOM"."PARTYAPPLICANT" 
   (	"PARTYNO" NUMBER, 
	"USERNO" NUMBER
   ) SEGMENT CREATION IMMEDIATE 
  PCTFREE 10 PCTUSED 40 INITRANS 1 MAXTRANS 255 NOCOMPRESS LOGGING
  STORAGE(INITIAL 65536 NEXT 1048576 MINEXTENTS 1 MAXEXTENTS 2147483645
  PCTINCREASE 0 FREELISTS 1 FREELIST GROUPS 1 BUFFER_POOL DEFAULT FLASH_CACHE DEFAULT CELL_FLASH_CACHE DEFAULT)
  TABLESPACE "SYSTEM" ;

   COMMENT ON COLUMN "NEXTROOM"."PARTYAPPLICANT"."PARTYNO" IS '파티리스트번호';
   COMMENT ON COLUMN "NEXTROOM"."PARTYAPPLICANT"."USERNO" IS '회원번호';
   COMMENT ON TABLE "NEXTROOM"."PARTYAPPLICANT"  IS '파티지원맴버';
--------------------------------------------------------
--  DDL for Table PARTYDETAIL
--------------------------------------------------------

  CREATE TABLE "NEXTROOM"."PARTYDETAIL" 
   (	"PARTYNO" NUMBER, 
	"USERNO" NUMBER, 
	"USERSTATE" VARCHAR2(50 BYTE)
   ) SEGMENT CREATION IMMEDIATE 
  PCTFREE 10 PCTUSED 40 INITRANS 1 MAXTRANS 255 NOCOMPRESS LOGGING
  STORAGE(INITIAL 65536 NEXT 1048576 MINEXTENTS 1 MAXEXTENTS 2147483645
  PCTINCREASE 0 FREELISTS 1 FREELIST GROUPS 1 BUFFER_POOL DEFAULT FLASH_CACHE DEFAULT CELL_FLASH_CACHE DEFAULT)
  TABLESPACE "SYSTEM" ;

   COMMENT ON COLUMN "NEXTROOM"."PARTYDETAIL"."PARTYNO" IS '파티리스트번호';
   COMMENT ON COLUMN "NEXTROOM"."PARTYDETAIL"."USERNO" IS '회원번호';
   COMMENT ON COLUMN "NEXTROOM"."PARTYDETAIL"."USERSTATE" IS '유저상태';
   COMMENT ON TABLE "NEXTROOM"."PARTYDETAIL"  IS '파티승인맴버';
--------------------------------------------------------
--  DDL for Table PRERECORD
--------------------------------------------------------

  CREATE TABLE "NEXTROOM"."PRERECORD" 
   (	"GAMENO" NUMBER, 
	"THEMENO" NUMBER, 
	"RESERVENO" NUMBER, 
	"REGDATE" DATE, 
	"TOTALPERSON" NUMBER, 
	"GAMESTATE" VARCHAR2(20 BYTE)
   ) SEGMENT CREATION IMMEDIATE 
  PCTFREE 10 PCTUSED 40 INITRANS 1 MAXTRANS 255 NOCOMPRESS LOGGING
  STORAGE(INITIAL 65536 NEXT 1048576 MINEXTENTS 1 MAXEXTENTS 2147483645
  PCTINCREASE 0 FREELISTS 1 FREELIST GROUPS 1 BUFFER_POOL DEFAULT FLASH_CACHE DEFAULT CELL_FLASH_CACHE DEFAULT)
  TABLESPACE "SYSTEM" ;

   COMMENT ON COLUMN "NEXTROOM"."PRERECORD"."GAMENO" IS '게임번호';
   COMMENT ON COLUMN "NEXTROOM"."PRERECORD"."THEMENO" IS '테마번호';
   COMMENT ON COLUMN "NEXTROOM"."PRERECORD"."RESERVENO" IS '예약번호';
   COMMENT ON COLUMN "NEXTROOM"."PRERECORD"."REGDATE" IS '입실한 날짜';
   COMMENT ON COLUMN "NEXTROOM"."PRERECORD"."TOTALPERSON" IS '총인원';
   COMMENT ON COLUMN "NEXTROOM"."PRERECORD"."GAMESTATE" IS '게임상태';
   COMMENT ON TABLE "NEXTROOM"."PRERECORD"  IS '게임정보';
--------------------------------------------------------
--  DDL for Table RECORD
--------------------------------------------------------

  CREATE TABLE "NEXTROOM"."RECORD" 
   (	"RECORDNO" NUMBER, 
	"GAMENO" NUMBER, 
	"USERNO" NUMBER, 
	"RECORDTIME" NUMBER, 
	"RECORDHINTS" NUMBER, 
	"RECORDCLEAR" VARCHAR2(20 BYTE)
   ) SEGMENT CREATION IMMEDIATE 
  PCTFREE 10 PCTUSED 40 INITRANS 1 MAXTRANS 255 NOCOMPRESS LOGGING
  STORAGE(INITIAL 65536 NEXT 1048576 MINEXTENTS 1 MAXEXTENTS 2147483645
  PCTINCREASE 0 FREELISTS 1 FREELIST GROUPS 1 BUFFER_POOL DEFAULT FLASH_CACHE DEFAULT CELL_FLASH_CACHE DEFAULT)
  TABLESPACE "SYSTEM" ;

   COMMENT ON COLUMN "NEXTROOM"."RECORD"."RECORDNO" IS '경기기록번호';
   COMMENT ON COLUMN "NEXTROOM"."RECORD"."GAMENO" IS '게임번호';
   COMMENT ON COLUMN "NEXTROOM"."RECORD"."USERNO" IS '회원번호';
   COMMENT ON COLUMN "NEXTROOM"."RECORD"."RECORDTIME" IS '기록시간';
   COMMENT ON COLUMN "NEXTROOM"."RECORD"."RECORDHINTS" IS '힌트수';
   COMMENT ON COLUMN "NEXTROOM"."RECORD"."RECORDCLEAR" IS '성공여부';
   COMMENT ON TABLE "NEXTROOM"."RECORD"  IS '개인별경기기록';
--------------------------------------------------------
--  DDL for Table RESERVE
--------------------------------------------------------

  CREATE TABLE "NEXTROOM"."RESERVE" 
   (	"RESERVENO" NUMBER, 
	"RESERVETIMENO" NUMBER, 
	"RESERVENAME" VARCHAR2(20 BYTE), 
	"RESERVEHP" VARCHAR2(20 BYTE), 
	"PAYMENT" VARCHAR2(20 BYTE), 
	"RESERVEPERSON" NUMBER, 
	"PAYMENTSTATE" NUMBER
   ) SEGMENT CREATION IMMEDIATE 
  PCTFREE 10 PCTUSED 40 INITRANS 1 MAXTRANS 255 NOCOMPRESS LOGGING
  STORAGE(INITIAL 65536 NEXT 1048576 MINEXTENTS 1 MAXEXTENTS 2147483645
  PCTINCREASE 0 FREELISTS 1 FREELIST GROUPS 1 BUFFER_POOL DEFAULT FLASH_CACHE DEFAULT CELL_FLASH_CACHE DEFAULT)
  TABLESPACE "SYSTEM" ;

   COMMENT ON COLUMN "NEXTROOM"."RESERVE"."RESERVENO" IS '예약번호';
   COMMENT ON COLUMN "NEXTROOM"."RESERVE"."RESERVETIMENO" IS '예약시간번호';
   COMMENT ON COLUMN "NEXTROOM"."RESERVE"."RESERVENAME" IS '예약자이름';
   COMMENT ON COLUMN "NEXTROOM"."RESERVE"."RESERVEHP" IS '핸드폰번호';
   COMMENT ON COLUMN "NEXTROOM"."RESERVE"."PAYMENT" IS '결제금액';
   COMMENT ON COLUMN "NEXTROOM"."RESERVE"."RESERVEPERSON" IS '예약인원';
   COMMENT ON COLUMN "NEXTROOM"."RESERVE"."PAYMENTSTATE" IS '결제상태';
   COMMENT ON TABLE "NEXTROOM"."RESERVE"  IS '예약정보';
--------------------------------------------------------
--  DDL for Table RESERVEDATE
--------------------------------------------------------

  CREATE TABLE "NEXTROOM"."RESERVEDATE" 
   (	"RESERVEDATENO" NUMBER, 
	"THEMENO" NUMBER, 
	"RESERVEDATE" DATE
   ) SEGMENT CREATION IMMEDIATE 
  PCTFREE 10 PCTUSED 40 INITRANS 1 MAXTRANS 255 NOCOMPRESS LOGGING
  STORAGE(INITIAL 65536 NEXT 1048576 MINEXTENTS 1 MAXEXTENTS 2147483645
  PCTINCREASE 0 FREELISTS 1 FREELIST GROUPS 1 BUFFER_POOL DEFAULT FLASH_CACHE DEFAULT CELL_FLASH_CACHE DEFAULT)
  TABLESPACE "SYSTEM" ;

   COMMENT ON COLUMN "NEXTROOM"."RESERVEDATE"."RESERVEDATENO" IS '예약날짜번호';
   COMMENT ON COLUMN "NEXTROOM"."RESERVEDATE"."THEMENO" IS '테마번호';
   COMMENT ON COLUMN "NEXTROOM"."RESERVEDATE"."RESERVEDATE" IS '예약날짜';
   COMMENT ON TABLE "NEXTROOM"."RESERVEDATE"  IS '예약날짜';
--------------------------------------------------------
--  DDL for Table RESERVEPEOPLE
--------------------------------------------------------

  CREATE TABLE "NEXTROOM"."RESERVEPEOPLE" 
   (	"RESERVEMEMBERNO" NUMBER, 
	"RESERVENO" NUMBER, 
	"USERNO" NUMBER
   ) SEGMENT CREATION IMMEDIATE 
  PCTFREE 10 PCTUSED 40 INITRANS 1 MAXTRANS 255 NOCOMPRESS LOGGING
  STORAGE(INITIAL 65536 NEXT 1048576 MINEXTENTS 1 MAXEXTENTS 2147483645
  PCTINCREASE 0 FREELISTS 1 FREELIST GROUPS 1 BUFFER_POOL DEFAULT FLASH_CACHE DEFAULT CELL_FLASH_CACHE DEFAULT)
  TABLESPACE "SYSTEM" ;

   COMMENT ON COLUMN "NEXTROOM"."RESERVEPEOPLE"."RESERVEMEMBERNO" IS '예약맴버번호';
   COMMENT ON COLUMN "NEXTROOM"."RESERVEPEOPLE"."RESERVENO" IS '예약번호';
   COMMENT ON COLUMN "NEXTROOM"."RESERVEPEOPLE"."USERNO" IS '회원번호';
   COMMENT ON TABLE "NEXTROOM"."RESERVEPEOPLE"  IS '예약회원';
--------------------------------------------------------
--  DDL for Table RESERVETIME
--------------------------------------------------------

  CREATE TABLE "NEXTROOM"."RESERVETIME" 
   (	"RESERVETIMENO" NUMBER, 
	"RESERVEDATENO" NUMBER, 
	"RESERVETIME" VARCHAR2(20 BYTE), 
	"RESERVESTATE" NUMBER
   ) SEGMENT CREATION IMMEDIATE 
  PCTFREE 10 PCTUSED 40 INITRANS 1 MAXTRANS 255 NOCOMPRESS LOGGING
  STORAGE(INITIAL 65536 NEXT 1048576 MINEXTENTS 1 MAXEXTENTS 2147483645
  PCTINCREASE 0 FREELISTS 1 FREELIST GROUPS 1 BUFFER_POOL DEFAULT FLASH_CACHE DEFAULT CELL_FLASH_CACHE DEFAULT)
  TABLESPACE "SYSTEM" ;

   COMMENT ON COLUMN "NEXTROOM"."RESERVETIME"."RESERVETIMENO" IS '예약시간번호';
   COMMENT ON COLUMN "NEXTROOM"."RESERVETIME"."RESERVEDATENO" IS '예약날짜번호';
   COMMENT ON COLUMN "NEXTROOM"."RESERVETIME"."RESERVETIME" IS '예약시간';
   COMMENT ON COLUMN "NEXTROOM"."RESERVETIME"."RESERVESTATE" IS '업체예약상태표시용';
   COMMENT ON TABLE "NEXTROOM"."RESERVETIME"  IS '예약시간';
--------------------------------------------------------
--  DDL for Table REVIEW
--------------------------------------------------------

  CREATE TABLE "NEXTROOM"."REVIEW" 
   (	"REVIEWNO" NUMBER, 
	"THEMENO" NUMBER, 
	"USERNO" NUMBER, 
	"FEELLEVEL" NUMBER, 
	"RATING" NUMBER, 
	"RECTIME" NUMBER, 
	"REVIEWHINTS" NUMBER, 
	"REVIEWCLEAR" VARCHAR2(20 BYTE), 
	"MEMBERNUM" NUMBER, 
	"PLAYDATE" DATE, 
	"REVIEWREGDATE" DATE, 
	"REVIEWLIKE" NUMBER, 
	"REVIEWTITLE" VARCHAR2(200 BYTE), 
	"REVIEWCONTENT" VARCHAR2(2000 BYTE), 
	"REVIEWHIT" NUMBER
   ) SEGMENT CREATION IMMEDIATE 
  PCTFREE 10 PCTUSED 40 INITRANS 1 MAXTRANS 255 NOCOMPRESS LOGGING
  STORAGE(INITIAL 65536 NEXT 1048576 MINEXTENTS 1 MAXEXTENTS 2147483645
  PCTINCREASE 0 FREELISTS 1 FREELIST GROUPS 1 BUFFER_POOL DEFAULT FLASH_CACHE DEFAULT CELL_FLASH_CACHE DEFAULT)
  TABLESPACE "SYSTEM" ;

   COMMENT ON COLUMN "NEXTROOM"."REVIEW"."REVIEWNO" IS '후기게시판번호';
   COMMENT ON COLUMN "NEXTROOM"."REVIEW"."THEMENO" IS '테마번호';
   COMMENT ON COLUMN "NEXTROOM"."REVIEW"."USERNO" IS '회원번호';
   COMMENT ON COLUMN "NEXTROOM"."REVIEW"."FEELLEVEL" IS '체감난이도';
   COMMENT ON COLUMN "NEXTROOM"."REVIEW"."RATING" IS '별점';
   COMMENT ON COLUMN "NEXTROOM"."REVIEW"."RECTIME" IS '기록시간';
   COMMENT ON COLUMN "NEXTROOM"."REVIEW"."REVIEWHINTS" IS '힌트수';
   COMMENT ON COLUMN "NEXTROOM"."REVIEW"."REVIEWCLEAR" IS '성공여부';
   COMMENT ON COLUMN "NEXTROOM"."REVIEW"."MEMBERNUM" IS '인원수';
   COMMENT ON COLUMN "NEXTROOM"."REVIEW"."PLAYDATE" IS '게임날짜';
   COMMENT ON COLUMN "NEXTROOM"."REVIEW"."REVIEWREGDATE" IS '작성일';
   COMMENT ON COLUMN "NEXTROOM"."REVIEW"."REVIEWLIKE" IS '추천수';
   COMMENT ON COLUMN "NEXTROOM"."REVIEW"."REVIEWTITLE" IS '제목';
   COMMENT ON COLUMN "NEXTROOM"."REVIEW"."REVIEWCONTENT" IS '컨텐츠';
   COMMENT ON COLUMN "NEXTROOM"."REVIEW"."REVIEWHIT" IS '조회수';
   COMMENT ON TABLE "NEXTROOM"."REVIEW"  IS '후기게시판';
--------------------------------------------------------
--  DDL for Table THEME
--------------------------------------------------------

  CREATE TABLE "NEXTROOM"."THEME" 
   (	"THEMENO" NUMBER, 
	"CAFENO" NUMBER, 
	"THEMENAME" VARCHAR2(50 BYTE), 
	"THEMEIMG" VARCHAR2(200 BYTE), 
	"JENRE" VARCHAR2(20 BYTE), 
	"LEVELS" NUMBER, 
	"THEMETYPE" VARCHAR2(20 BYTE), 
	"PLAYTIME" NUMBER, 
	"ACTIVITY" VARCHAR2(20 BYTE), 
	"THEMEINTRO" VARCHAR2(2000 BYTE), 
	"PRECOMMEND" VARCHAR2(20 BYTE), 
	"PMIN" NUMBER, 
	"PMAX" NUMBER
   ) SEGMENT CREATION IMMEDIATE 
  PCTFREE 10 PCTUSED 40 INITRANS 1 MAXTRANS 255 NOCOMPRESS LOGGING
  STORAGE(INITIAL 65536 NEXT 1048576 MINEXTENTS 1 MAXEXTENTS 2147483645
  PCTINCREASE 0 FREELISTS 1 FREELIST GROUPS 1 BUFFER_POOL DEFAULT FLASH_CACHE DEFAULT CELL_FLASH_CACHE DEFAULT)
  TABLESPACE "SYSTEM" ;

   COMMENT ON COLUMN "NEXTROOM"."THEME"."THEMENO" IS '테마번호';
   COMMENT ON COLUMN "NEXTROOM"."THEME"."CAFENO" IS '카페번호';
   COMMENT ON COLUMN "NEXTROOM"."THEME"."THEMENAME" IS '테마이름';
   COMMENT ON COLUMN "NEXTROOM"."THEME"."THEMEIMG" IS '테마포스터';
   COMMENT ON COLUMN "NEXTROOM"."THEME"."JENRE" IS '테마장르';
   COMMENT ON COLUMN "NEXTROOM"."THEME"."LEVELS" IS '테마난이도';
   COMMENT ON COLUMN "NEXTROOM"."THEME"."THEMETYPE" IS '테마유형';
   COMMENT ON COLUMN "NEXTROOM"."THEME"."PLAYTIME" IS '플레이타임';
   COMMENT ON COLUMN "NEXTROOM"."THEME"."ACTIVITY" IS '테마활동성';
   COMMENT ON COLUMN "NEXTROOM"."THEME"."THEMEINTRO" IS '테마소개';
   COMMENT ON COLUMN "NEXTROOM"."THEME"."PRECOMMEND" IS '추천인원';
   COMMENT ON COLUMN "NEXTROOM"."THEME"."PMIN" IS '최소인원';
   COMMENT ON COLUMN "NEXTROOM"."THEME"."PMAX" IS '최대인원';
   COMMENT ON TABLE "NEXTROOM"."THEME"  IS '테마';
--------------------------------------------------------
--  DDL for Table THEMEPRICE
--------------------------------------------------------

  CREATE TABLE "NEXTROOM"."THEMEPRICE" 
   (	"THEMENO" NUMBER, 
	"HEADCOUNT" NUMBER, 
	"PRICE" NUMBER
   ) SEGMENT CREATION IMMEDIATE 
  PCTFREE 10 PCTUSED 40 INITRANS 1 MAXTRANS 255 NOCOMPRESS LOGGING
  STORAGE(INITIAL 65536 NEXT 1048576 MINEXTENTS 1 MAXEXTENTS 2147483645
  PCTINCREASE 0 FREELISTS 1 FREELIST GROUPS 1 BUFFER_POOL DEFAULT FLASH_CACHE DEFAULT CELL_FLASH_CACHE DEFAULT)
  TABLESPACE "SYSTEM" ;

   COMMENT ON COLUMN "NEXTROOM"."THEMEPRICE"."THEMENO" IS '테마번호';
   COMMENT ON COLUMN "NEXTROOM"."THEMEPRICE"."HEADCOUNT" IS '인원';
   COMMENT ON COLUMN "NEXTROOM"."THEMEPRICE"."PRICE" IS '가격';
   COMMENT ON TABLE "NEXTROOM"."THEMEPRICE"  IS '테마별가격';
--------------------------------------------------------
--  DDL for Table THEMETIME
--------------------------------------------------------

  CREATE TABLE "NEXTROOM"."THEMETIME" 
   (	"THEMETIMENO" NUMBER, 
	"THEMENO" NUMBER, 
	"THEMETIME" VARCHAR2(30 BYTE)
   ) SEGMENT CREATION IMMEDIATE 
  PCTFREE 10 PCTUSED 40 INITRANS 1 MAXTRANS 255 NOCOMPRESS LOGGING
  STORAGE(INITIAL 65536 NEXT 1048576 MINEXTENTS 1 MAXEXTENTS 2147483645
  PCTINCREASE 0 FREELISTS 1 FREELIST GROUPS 1 BUFFER_POOL DEFAULT FLASH_CACHE DEFAULT CELL_FLASH_CACHE DEFAULT)
  TABLESPACE "SYSTEM" ;

   COMMENT ON COLUMN "NEXTROOM"."THEMETIME"."THEMETIMENO" IS '시간번호';
   COMMENT ON COLUMN "NEXTROOM"."THEMETIME"."THEMENO" IS '테마번호';
   COMMENT ON COLUMN "NEXTROOM"."THEMETIME"."THEMETIME" IS '가능시간';
   COMMENT ON TABLE "NEXTROOM"."THEMETIME"  IS '새 테이블5';
--------------------------------------------------------
--  DDL for Table THMEPRICE
--------------------------------------------------------

  CREATE TABLE "NEXTROOM"."THMEPRICE" 
   (	"THEMENO" NUMBER, 
	"HEADCOUNT" NUMBER, 
	"PRICE" NUMBER
   ) SEGMENT CREATION IMMEDIATE 
  PCTFREE 10 PCTUSED 40 INITRANS 1 MAXTRANS 255 NOCOMPRESS LOGGING
  STORAGE(INITIAL 65536 NEXT 1048576 MINEXTENTS 1 MAXEXTENTS 2147483645
  PCTINCREASE 0 FREELISTS 1 FREELIST GROUPS 1 BUFFER_POOL DEFAULT FLASH_CACHE DEFAULT CELL_FLASH_CACHE DEFAULT)
  TABLESPACE "SYSTEM" ;

   COMMENT ON COLUMN "NEXTROOM"."THMEPRICE"."THEMENO" IS '테마번호';
   COMMENT ON COLUMN "NEXTROOM"."THMEPRICE"."HEADCOUNT" IS '인원';
   COMMENT ON COLUMN "NEXTROOM"."THMEPRICE"."PRICE" IS '가격';
   COMMENT ON TABLE "NEXTROOM"."THMEPRICE"  IS '테마별가격';
--------------------------------------------------------
--  DDL for Table USERS
--------------------------------------------------------

  CREATE TABLE "NEXTROOM"."USERS" 
   (	"USERNO" NUMBER, 
	"ID" VARCHAR2(20 BYTE), 
	"PASSWORD" VARCHAR2(50 BYTE), 
	"USERNAME" VARCHAR2(20 BYTE), 
	"USERHP" VARCHAR2(20 BYTE), 
	"EMAIL" VARCHAR2(50 BYTE), 
	"NICKNAME" VARCHAR2(20 BYTE), 
	"USERTYPE" VARCHAR2(20 BYTE)
   ) SEGMENT CREATION IMMEDIATE 
  PCTFREE 10 PCTUSED 40 INITRANS 1 MAXTRANS 255 NOCOMPRESS LOGGING
  STORAGE(INITIAL 65536 NEXT 1048576 MINEXTENTS 1 MAXEXTENTS 2147483645
  PCTINCREASE 0 FREELISTS 1 FREELIST GROUPS 1 BUFFER_POOL DEFAULT FLASH_CACHE DEFAULT CELL_FLASH_CACHE DEFAULT)
  TABLESPACE "SYSTEM" ;

   COMMENT ON COLUMN "NEXTROOM"."USERS"."USERNO" IS '회원번호';
   COMMENT ON COLUMN "NEXTROOM"."USERS"."ID" IS '아이디';
   COMMENT ON COLUMN "NEXTROOM"."USERS"."PASSWORD" IS '비밀번호';
   COMMENT ON COLUMN "NEXTROOM"."USERS"."USERNAME" IS '이름';
   COMMENT ON COLUMN "NEXTROOM"."USERS"."USERHP" IS '전화번호';
   COMMENT ON COLUMN "NEXTROOM"."USERS"."EMAIL" IS '이메일';
   COMMENT ON COLUMN "NEXTROOM"."USERS"."NICKNAME" IS '닉네임';
   COMMENT ON COLUMN "NEXTROOM"."USERS"."USERTYPE" IS '유저타입(일반 사용자, 업체관리자)';
   COMMENT ON TABLE "NEXTROOM"."USERS"  IS 'user';
REM INSERTING into NEXTROOM.CAFE
SET DEFINE OFF;
Insert into NEXTROOM.CAFE (CAFENO,USERNO,CAFENAME,CAFEHP,OPENTIME,CLOSETIME,CAFEINTRO,URL,CAFEIMG,ADDRESS,SIDO,SIDODETAIL) values (3,4,'카페4','02-0000-0000','09:00','24:00','소개글4','www.cafe.com','img04','카페주소4','서울','건대');
Insert into NEXTROOM.CAFE (CAFENO,USERNO,CAFENAME,CAFEHP,OPENTIME,CLOSETIME,CAFEINTRO,URL,CAFEIMG,ADDRESS,SIDO,SIDODETAIL) values (4,1,'넥스트에디션 강남신논현점','02-000-0000','17:27','05:27','넥스트에디션 강남신논현점입니다.','https://www.nextedition.co.kr/','1632990478252a956a673-29e0-4d41-9e70-486fc1685db0.jpg','서울 강남구 강남대로 708 123','서울','강남구');
Insert into NEXTROOM.CAFE (CAFENO,USERNO,CAFENAME,CAFEHP,OPENTIME,CLOSETIME,CAFEINTRO,URL,CAFEIMG,ADDRESS,SIDO,SIDODETAIL) values (1,1,'카페1','02-0000-0000','09:00','24:00','소개글1','www.cafe.com','img01','카페주소1','서울','강남');
Insert into NEXTROOM.CAFE (CAFENO,USERNO,CAFENAME,CAFEHP,OPENTIME,CLOSETIME,CAFEINTRO,URL,CAFEIMG,ADDRESS,SIDO,SIDODETAIL) values (2,2,'카페2','02-0000-0000','09:00','24:00','소개글2','www.cafe.com','img02','카페주소2','서울','서울(기타)');
REM INSERTING into NEXTROOM.INTERIORIMG
SET DEFINE OFF;
Insert into NEXTROOM.INTERIORIMG (CAFENO,IMG) values (4,'163299047825876b9a722-834f-4574-9aaa-d74da907ed8e.PNG');
REM INSERTING into NEXTROOM.PARTY
SET DEFINE OFF;
Insert into NEXTROOM.PARTY (PARTYNO,RESERVEDATENO,RESERVEDATE,CAFENO,THEMENO,RESERVETIMENO,RESERVEPERSON,CONTENT,PARTYSTATE) values (1,null,to_date('21/10/13','RR/MM/DD'),2,1,null,4,'d','모집중');
REM INSERTING into NEXTROOM.PARTYAPPLICANT
SET DEFINE OFF;
REM INSERTING into NEXTROOM.PARTYDETAIL
SET DEFINE OFF;
REM INSERTING into NEXTROOM.PRERECORD
SET DEFINE OFF;
REM INSERTING into NEXTROOM.RECORD
SET DEFINE OFF;
REM INSERTING into NEXTROOM.RESERVE
SET DEFINE OFF;
REM INSERTING into NEXTROOM.RESERVEDATE
SET DEFINE OFF;
Insert into NEXTROOM.RESERVEDATE (RESERVEDATENO,THEMENO,RESERVEDATE) values (1,1,to_date('21/09/30','RR/MM/DD'));
REM INSERTING into NEXTROOM.RESERVEPEOPLE
SET DEFINE OFF;
REM INSERTING into NEXTROOM.RESERVETIME
SET DEFINE OFF;
Insert into NEXTROOM.RESERVETIME (RESERVETIMENO,RESERVEDATENO,RESERVETIME,RESERVESTATE) values (1,1,'13:00',1);
Insert into NEXTROOM.RESERVETIME (RESERVETIMENO,RESERVEDATENO,RESERVETIME,RESERVESTATE) values (2,1,'14:15',3);
REM INSERTING into NEXTROOM.REVIEW
SET DEFINE OFF;
Insert into NEXTROOM.REVIEW (REVIEWNO,THEMENO,USERNO,FEELLEVEL,RATING,RECTIME,REVIEWHINTS,REVIEWCLEAR,MEMBERNUM,PLAYDATE,REVIEWREGDATE,REVIEWLIKE,REVIEWTITLE,REVIEWCONTENT,REVIEWHIT) values (1,1,4,3,5,1800,0,'clear',2,to_date('21/09/30','RR/MM/DD'),to_date('21/09/30','RR/MM/DD'),0,'ㅎㅇ','대니입니다 ~ ',0);
REM INSERTING into NEXTROOM.THEME
SET DEFINE OFF;
Insert into NEXTROOM.THEME (THEMENO,CAFENO,THEMENAME,THEMEIMG,JENRE,LEVELS,THEMETYPE,PLAYTIME,ACTIVITY,THEMEINTRO,PRECOMMEND,PMIN,PMAX) values (1,2,'아뜰리에',null,null,null,null,null,null,null,null,null,null);
Insert into NEXTROOM.THEME (THEMENO,CAFENO,THEMENAME,THEMEIMG,JENRE,LEVELS,THEMETYPE,PLAYTIME,ACTIVITY,THEMEINTRO,PRECOMMEND,PMIN,PMAX) values (2,2,'비밀의 화원',null,null,null,null,null,null,null,null,null,null);
Insert into NEXTROOM.THEME (THEMENO,CAFENO,THEMENAME,THEMEIMG,JENRE,LEVELS,THEMETYPE,PLAYTIME,ACTIVITY,THEMEINTRO,PRECOMMEND,PMIN,PMAX) values (3,2,'연애학개론',null,null,null,null,null,null,null,null,null,null);
Insert into NEXTROOM.THEME (THEMENO,CAFENO,THEMENAME,THEMEIMG,JENRE,LEVELS,THEMETYPE,PLAYTIME,ACTIVITY,THEMEINTRO,PRECOMMEND,PMIN,PMAX) values (4,2,'컬러즈',null,null,null,null,null,null,null,null,null,null);
Insert into NEXTROOM.THEME (THEMENO,CAFENO,THEMENAME,THEMEIMG,JENRE,LEVELS,THEMETYPE,PLAYTIME,ACTIVITY,THEMEINTRO,PRECOMMEND,PMIN,PMAX) values (5,2,'블라인드',null,null,null,null,null,null,null,null,null,null);
Insert into NEXTROOM.THEME (THEMENO,CAFENO,THEMENAME,THEMEIMG,JENRE,LEVELS,THEMETYPE,PLAYTIME,ACTIVITY,THEMEINTRO,PRECOMMEND,PMIN,PMAX) values (6,2,'베이비 레이스',null,null,null,null,null,null,null,null,null,null);
Insert into NEXTROOM.THEME (THEMENO,CAFENO,THEMENAME,THEMEIMG,JENRE,LEVELS,THEMETYPE,PLAYTIME,ACTIVITY,THEMEINTRO,PRECOMMEND,PMIN,PMAX) values (7,2,'슈퍼 엔지니어',null,null,null,null,null,null,null,null,null,null);
Insert into NEXTROOM.THEME (THEMENO,CAFENO,THEMENAME,THEMEIMG,JENRE,LEVELS,THEMETYPE,PLAYTIME,ACTIVITY,THEMEINTRO,PRECOMMEND,PMIN,PMAX) values (15,3,'아뜰리에',null,null,null,null,null,null,null,null,null,null);
Insert into NEXTROOM.THEME (THEMENO,CAFENO,THEMENAME,THEMEIMG,JENRE,LEVELS,THEMETYPE,PLAYTIME,ACTIVITY,THEMEINTRO,PRECOMMEND,PMIN,PMAX) values (16,3,'비밀의 화원',null,null,null,null,null,null,null,null,null,null);
Insert into NEXTROOM.THEME (THEMENO,CAFENO,THEMENAME,THEMEIMG,JENRE,LEVELS,THEMETYPE,PLAYTIME,ACTIVITY,THEMEINTRO,PRECOMMEND,PMIN,PMAX) values (17,3,'연애학개론',null,null,null,null,null,null,null,null,null,null);
Insert into NEXTROOM.THEME (THEMENO,CAFENO,THEMENAME,THEMEIMG,JENRE,LEVELS,THEMETYPE,PLAYTIME,ACTIVITY,THEMEINTRO,PRECOMMEND,PMIN,PMAX) values (18,3,'컬러즈',null,null,null,null,null,null,null,null,null,null);
Insert into NEXTROOM.THEME (THEMENO,CAFENO,THEMENAME,THEMEIMG,JENRE,LEVELS,THEMETYPE,PLAYTIME,ACTIVITY,THEMEINTRO,PRECOMMEND,PMIN,PMAX) values (19,3,'블라인드',null,null,null,null,null,null,null,null,null,null);
Insert into NEXTROOM.THEME (THEMENO,CAFENO,THEMENAME,THEMEIMG,JENRE,LEVELS,THEMETYPE,PLAYTIME,ACTIVITY,THEMEINTRO,PRECOMMEND,PMIN,PMAX) values (20,3,'베이비 레이스',null,null,null,null,null,null,null,null,null,null);
Insert into NEXTROOM.THEME (THEMENO,CAFENO,THEMENAME,THEMEIMG,JENRE,LEVELS,THEMETYPE,PLAYTIME,ACTIVITY,THEMEINTRO,PRECOMMEND,PMIN,PMAX) values (21,3,'슈퍼 엔지니어',null,null,null,null,null,null,null,null,null,null);
REM INSERTING into NEXTROOM.THEMEPRICE
SET DEFINE OFF;
REM INSERTING into NEXTROOM.THEMETIME
SET DEFINE OFF;
Insert into NEXTROOM.THEMETIME (THEMETIMENO,THEMENO,THEMETIME) values (1,1,'10:30');
Insert into NEXTROOM.THEMETIME (THEMETIMENO,THEMENO,THEMETIME) values (2,1,'11:45');
Insert into NEXTROOM.THEMETIME (THEMETIMENO,THEMENO,THEMETIME) values (3,1,'13:00');
Insert into NEXTROOM.THEMETIME (THEMETIMENO,THEMENO,THEMETIME) values (4,1,'14:15');
Insert into NEXTROOM.THEMETIME (THEMETIMENO,THEMENO,THEMETIME) values (5,1,'15:30');
Insert into NEXTROOM.THEMETIME (THEMETIMENO,THEMENO,THEMETIME) values (6,1,'16:45');
Insert into NEXTROOM.THEMETIME (THEMETIMENO,THEMENO,THEMETIME) values (7,1,'18:00');
Insert into NEXTROOM.THEMETIME (THEMETIMENO,THEMENO,THEMETIME) values (8,1,'19:15');
Insert into NEXTROOM.THEMETIME (THEMETIMENO,THEMENO,THEMETIME) values (9,1,'20:30');
Insert into NEXTROOM.THEMETIME (THEMETIMENO,THEMENO,THEMETIME) values (10,1,'21:45');
Insert into NEXTROOM.THEMETIME (THEMETIMENO,THEMENO,THEMETIME) values (11,1,'23:00');
Insert into NEXTROOM.THEMETIME (THEMETIMENO,THEMENO,THEMETIME) values (12,1,'24:15');
REM INSERTING into NEXTROOM.THMEPRICE
SET DEFINE OFF;
REM INSERTING into NEXTROOM.USERS
SET DEFINE OFF;
Insert into NEXTROOM.USERS (USERNO,ID,PASSWORD,USERNAME,USERHP,EMAIL,NICKNAME,USERTYPE) values (1,'ksh9096','dmd13579','서현','010-0000-0000','aaa@aaa.com','ksh9096','2');
Insert into NEXTROOM.USERS (USERNO,ID,PASSWORD,USERNAME,USERHP,EMAIL,NICKNAME,USERTYPE) values (2,'may0505','210505','예진','010-0000-0000','aaa@aaa.com','오월','2');
Insert into NEXTROOM.USERS (USERNO,ID,PASSWORD,USERNAME,USERHP,EMAIL,NICKNAME,USERTYPE) values (3,'junzzang','1111','준짱','010-0000-0000','aaa@aaa.com','준짱','1');
Insert into NEXTROOM.USERS (USERNO,ID,PASSWORD,USERNAME,USERHP,EMAIL,NICKNAME,USERTYPE) values (4,'ctct25','123','대근','010-0000-0000','aaa@aaa.com','대니','2');
Insert into NEXTROOM.USERS (USERNO,ID,PASSWORD,USERNAME,USERHP,EMAIL,NICKNAME,USERTYPE) values (5,'choi','1111','원호','010-0000-0000','aaa@aaa.com','choi','1');
--------------------------------------------------------
--  DDL for Index PK_PRERECORD
--------------------------------------------------------

  CREATE UNIQUE INDEX "NEXTROOM"."PK_PRERECORD" ON "NEXTROOM"."PRERECORD" ("GAMENO") 
  PCTFREE 10 INITRANS 2 MAXTRANS 255 COMPUTE STATISTICS 
  STORAGE(INITIAL 65536 NEXT 1048576 MINEXTENTS 1 MAXEXTENTS 2147483645
  PCTINCREASE 0 FREELISTS 1 FREELIST GROUPS 1 BUFFER_POOL DEFAULT FLASH_CACHE DEFAULT CELL_FLASH_CACHE DEFAULT)
  TABLESPACE "SYSTEM" ;
--------------------------------------------------------
--  DDL for Index PK_RECORD
--------------------------------------------------------

  CREATE UNIQUE INDEX "NEXTROOM"."PK_RECORD" ON "NEXTROOM"."RECORD" ("RECORDNO") 
  PCTFREE 10 INITRANS 2 MAXTRANS 255 COMPUTE STATISTICS 
  STORAGE(INITIAL 65536 NEXT 1048576 MINEXTENTS 1 MAXEXTENTS 2147483645
  PCTINCREASE 0 FREELISTS 1 FREELIST GROUPS 1 BUFFER_POOL DEFAULT FLASH_CACHE DEFAULT CELL_FLASH_CACHE DEFAULT)
  TABLESPACE "SYSTEM" ;
--------------------------------------------------------
--  DDL for Index PK_THEMETIME
--------------------------------------------------------

  CREATE UNIQUE INDEX "NEXTROOM"."PK_THEMETIME" ON "NEXTROOM"."THEMETIME" ("THEMETIMENO") 
  PCTFREE 10 INITRANS 2 MAXTRANS 255 COMPUTE STATISTICS 
  STORAGE(INITIAL 65536 NEXT 1048576 MINEXTENTS 1 MAXEXTENTS 2147483645
  PCTINCREASE 0 FREELISTS 1 FREELIST GROUPS 1 BUFFER_POOL DEFAULT FLASH_CACHE DEFAULT CELL_FLASH_CACHE DEFAULT)
  TABLESPACE "SYSTEM" ;
--------------------------------------------------------
--  DDL for Index PK_USERS
--------------------------------------------------------

  CREATE UNIQUE INDEX "NEXTROOM"."PK_USERS" ON "NEXTROOM"."USERS" ("USERNO") 
  PCTFREE 10 INITRANS 2 MAXTRANS 255 COMPUTE STATISTICS 
  STORAGE(INITIAL 65536 NEXT 1048576 MINEXTENTS 1 MAXEXTENTS 2147483645
  PCTINCREASE 0 FREELISTS 1 FREELIST GROUPS 1 BUFFER_POOL DEFAULT FLASH_CACHE DEFAULT CELL_FLASH_CACHE DEFAULT)
  TABLESPACE "SYSTEM" ;
--------------------------------------------------------
--  DDL for Index PK_THEME
--------------------------------------------------------

  CREATE UNIQUE INDEX "NEXTROOM"."PK_THEME" ON "NEXTROOM"."THEME" ("THEMENO") 
  PCTFREE 10 INITRANS 2 MAXTRANS 255 COMPUTE STATISTICS 
  STORAGE(INITIAL 65536 NEXT 1048576 MINEXTENTS 1 MAXEXTENTS 2147483645
  PCTINCREASE 0 FREELISTS 1 FREELIST GROUPS 1 BUFFER_POOL DEFAULT FLASH_CACHE DEFAULT CELL_FLASH_CACHE DEFAULT)
  TABLESPACE "SYSTEM" ;
--------------------------------------------------------
--  DDL for Index PK_RESERVEPEOPLE
--------------------------------------------------------

  CREATE UNIQUE INDEX "NEXTROOM"."PK_RESERVEPEOPLE" ON "NEXTROOM"."RESERVEPEOPLE" ("RESERVEMEMBERNO") 
  PCTFREE 10 INITRANS 2 MAXTRANS 255 COMPUTE STATISTICS 
  STORAGE(INITIAL 65536 NEXT 1048576 MINEXTENTS 1 MAXEXTENTS 2147483645
  PCTINCREASE 0 FREELISTS 1 FREELIST GROUPS 1 BUFFER_POOL DEFAULT FLASH_CACHE DEFAULT CELL_FLASH_CACHE DEFAULT)
  TABLESPACE "SYSTEM" ;
--------------------------------------------------------
--  DDL for Index PK_PARTYAPPLICANT
--------------------------------------------------------

  CREATE UNIQUE INDEX "NEXTROOM"."PK_PARTYAPPLICANT" ON "NEXTROOM"."PARTYAPPLICANT" ("PARTYNO") 
  PCTFREE 10 INITRANS 2 MAXTRANS 255 COMPUTE STATISTICS 
  STORAGE(INITIAL 65536 NEXT 1048576 MINEXTENTS 1 MAXEXTENTS 2147483645
  PCTINCREASE 0 FREELISTS 1 FREELIST GROUPS 1 BUFFER_POOL DEFAULT FLASH_CACHE DEFAULT CELL_FLASH_CACHE DEFAULT)
  TABLESPACE "SYSTEM" ;
--------------------------------------------------------
--  DDL for Index PK_RESERVETIME
--------------------------------------------------------

  CREATE UNIQUE INDEX "NEXTROOM"."PK_RESERVETIME" ON "NEXTROOM"."RESERVETIME" ("RESERVETIMENO") 
  PCTFREE 10 INITRANS 2 MAXTRANS 255 COMPUTE STATISTICS 
  STORAGE(INITIAL 65536 NEXT 1048576 MINEXTENTS 1 MAXEXTENTS 2147483645
  PCTINCREASE 0 FREELISTS 1 FREELIST GROUPS 1 BUFFER_POOL DEFAULT FLASH_CACHE DEFAULT CELL_FLASH_CACHE DEFAULT)
  TABLESPACE "SYSTEM" ;
--------------------------------------------------------
--  DDL for Index PK_PARTY
--------------------------------------------------------

  CREATE UNIQUE INDEX "NEXTROOM"."PK_PARTY" ON "NEXTROOM"."PARTY" ("PARTYNO") 
  PCTFREE 10 INITRANS 2 MAXTRANS 255 COMPUTE STATISTICS 
  STORAGE(INITIAL 65536 NEXT 1048576 MINEXTENTS 1 MAXEXTENTS 2147483645
  PCTINCREASE 0 FREELISTS 1 FREELIST GROUPS 1 BUFFER_POOL DEFAULT FLASH_CACHE DEFAULT CELL_FLASH_CACHE DEFAULT)
  TABLESPACE "SYSTEM" ;
--------------------------------------------------------
--  DDL for Index PK_THMEPRICE
--------------------------------------------------------

  CREATE UNIQUE INDEX "NEXTROOM"."PK_THMEPRICE" ON "NEXTROOM"."THMEPRICE" ("THEMENO") 
  PCTFREE 10 INITRANS 2 MAXTRANS 255 COMPUTE STATISTICS 
  STORAGE(INITIAL 65536 NEXT 1048576 MINEXTENTS 1 MAXEXTENTS 2147483645
  PCTINCREASE 0 FREELISTS 1 FREELIST GROUPS 1 BUFFER_POOL DEFAULT FLASH_CACHE DEFAULT CELL_FLASH_CACHE DEFAULT)
  TABLESPACE "SYSTEM" ;
--------------------------------------------------------
--  DDL for Index PK_REVIEW
--------------------------------------------------------

  CREATE UNIQUE INDEX "NEXTROOM"."PK_REVIEW" ON "NEXTROOM"."REVIEW" ("REVIEWNO") 
  PCTFREE 10 INITRANS 2 MAXTRANS 255 COMPUTE STATISTICS 
  STORAGE(INITIAL 65536 NEXT 1048576 MINEXTENTS 1 MAXEXTENTS 2147483645
  PCTINCREASE 0 FREELISTS 1 FREELIST GROUPS 1 BUFFER_POOL DEFAULT FLASH_CACHE DEFAULT CELL_FLASH_CACHE DEFAULT)
  TABLESPACE "SYSTEM" ;
--------------------------------------------------------
--  DDL for Index PK_RESERVE
--------------------------------------------------------

  CREATE UNIQUE INDEX "NEXTROOM"."PK_RESERVE" ON "NEXTROOM"."RESERVE" ("RESERVENO") 
  PCTFREE 10 INITRANS 2 MAXTRANS 255 COMPUTE STATISTICS 
  STORAGE(INITIAL 65536 NEXT 1048576 MINEXTENTS 1 MAXEXTENTS 2147483645
  PCTINCREASE 0 FREELISTS 1 FREELIST GROUPS 1 BUFFER_POOL DEFAULT FLASH_CACHE DEFAULT CELL_FLASH_CACHE DEFAULT)
  TABLESPACE "SYSTEM" ;
--------------------------------------------------------
--  DDL for Index PK_RESERVEDATE
--------------------------------------------------------

  CREATE UNIQUE INDEX "NEXTROOM"."PK_RESERVEDATE" ON "NEXTROOM"."RESERVEDATE" ("RESERVEDATENO") 
  PCTFREE 10 INITRANS 2 MAXTRANS 255 COMPUTE STATISTICS 
  STORAGE(INITIAL 65536 NEXT 1048576 MINEXTENTS 1 MAXEXTENTS 2147483645
  PCTINCREASE 0 FREELISTS 1 FREELIST GROUPS 1 BUFFER_POOL DEFAULT FLASH_CACHE DEFAULT CELL_FLASH_CACHE DEFAULT)
  TABLESPACE "SYSTEM" ;
--------------------------------------------------------
--  DDL for Index PK_CAFE
--------------------------------------------------------

  CREATE UNIQUE INDEX "NEXTROOM"."PK_CAFE" ON "NEXTROOM"."CAFE" ("CAFENO") 
  PCTFREE 10 INITRANS 2 MAXTRANS 255 COMPUTE STATISTICS 
  STORAGE(INITIAL 65536 NEXT 1048576 MINEXTENTS 1 MAXEXTENTS 2147483645
  PCTINCREASE 0 FREELISTS 1 FREELIST GROUPS 1 BUFFER_POOL DEFAULT FLASH_CACHE DEFAULT CELL_FLASH_CACHE DEFAULT)
  TABLESPACE "SYSTEM" ;
--------------------------------------------------------
--  DDL for Index PK_PARTYDETAIL
--------------------------------------------------------

  CREATE UNIQUE INDEX "NEXTROOM"."PK_PARTYDETAIL" ON "NEXTROOM"."PARTYDETAIL" ("PARTYNO") 
  PCTFREE 10 INITRANS 2 MAXTRANS 255 COMPUTE STATISTICS 
  STORAGE(INITIAL 65536 NEXT 1048576 MINEXTENTS 1 MAXEXTENTS 2147483645
  PCTINCREASE 0 FREELISTS 1 FREELIST GROUPS 1 BUFFER_POOL DEFAULT FLASH_CACHE DEFAULT CELL_FLASH_CACHE DEFAULT)
  TABLESPACE "SYSTEM" ;
--------------------------------------------------------
--  DDL for Index UIX_USERS
--------------------------------------------------------

  CREATE UNIQUE INDEX "NEXTROOM"."UIX_USERS" ON "NEXTROOM"."USERS" ("ID", "NICKNAME", "EMAIL") 
  PCTFREE 10 INITRANS 2 MAXTRANS 255 COMPUTE STATISTICS 
  STORAGE(INITIAL 65536 NEXT 1048576 MINEXTENTS 1 MAXEXTENTS 2147483645
  PCTINCREASE 0 FREELISTS 1 FREELIST GROUPS 1 BUFFER_POOL DEFAULT FLASH_CACHE DEFAULT CELL_FLASH_CACHE DEFAULT)
  TABLESPACE "SYSTEM" ;
--------------------------------------------------------
--  Constraints for Table REVIEW
--------------------------------------------------------

  ALTER TABLE "NEXTROOM"."REVIEW" ADD CONSTRAINT "PK_REVIEW" PRIMARY KEY ("REVIEWNO")
  USING INDEX PCTFREE 10 INITRANS 2 MAXTRANS 255 COMPUTE STATISTICS 
  STORAGE(INITIAL 65536 NEXT 1048576 MINEXTENTS 1 MAXEXTENTS 2147483645
  PCTINCREASE 0 FREELISTS 1 FREELIST GROUPS 1 BUFFER_POOL DEFAULT FLASH_CACHE DEFAULT CELL_FLASH_CACHE DEFAULT)
  TABLESPACE "SYSTEM"  ENABLE;
--------------------------------------------------------
--  Constraints for Table THEMEPRICE
--------------------------------------------------------

  ALTER TABLE "NEXTROOM"."THEMEPRICE" MODIFY ("THEMENO" NOT NULL ENABLE);
--------------------------------------------------------
--  Constraints for Table THMEPRICE
--------------------------------------------------------

  ALTER TABLE "NEXTROOM"."THMEPRICE" MODIFY ("THEMENO" NOT NULL ENABLE);
  ALTER TABLE "NEXTROOM"."THMEPRICE" ADD CONSTRAINT "PK_THMEPRICE" PRIMARY KEY ("THEMENO")
  USING INDEX PCTFREE 10 INITRANS 2 MAXTRANS 255 COMPUTE STATISTICS 
  STORAGE(INITIAL 65536 NEXT 1048576 MINEXTENTS 1 MAXEXTENTS 2147483645
  PCTINCREASE 0 FREELISTS 1 FREELIST GROUPS 1 BUFFER_POOL DEFAULT FLASH_CACHE DEFAULT CELL_FLASH_CACHE DEFAULT)
  TABLESPACE "SYSTEM"  ENABLE;
--------------------------------------------------------
--  Constraints for Table RESERVE
--------------------------------------------------------

  ALTER TABLE "NEXTROOM"."RESERVE" ADD CONSTRAINT "PK_RESERVE" PRIMARY KEY ("RESERVENO")
  USING INDEX PCTFREE 10 INITRANS 2 MAXTRANS 255 COMPUTE STATISTICS 
  STORAGE(INITIAL 65536 NEXT 1048576 MINEXTENTS 1 MAXEXTENTS 2147483645
  PCTINCREASE 0 FREELISTS 1 FREELIST GROUPS 1 BUFFER_POOL DEFAULT FLASH_CACHE DEFAULT CELL_FLASH_CACHE DEFAULT)
  TABLESPACE "SYSTEM"  ENABLE;
  ALTER TABLE "NEXTROOM"."RESERVE" MODIFY ("RESERVETIMENO" NOT NULL ENABLE);
  ALTER TABLE "NEXTROOM"."RESERVE" MODIFY ("RESERVENO" NOT NULL ENABLE);
--------------------------------------------------------
--  Constraints for Table CAFE
--------------------------------------------------------

  ALTER TABLE "NEXTROOM"."CAFE" ADD CONSTRAINT "PK_CAFE" PRIMARY KEY ("CAFENO")
  USING INDEX PCTFREE 10 INITRANS 2 MAXTRANS 255 COMPUTE STATISTICS 
  STORAGE(INITIAL 65536 NEXT 1048576 MINEXTENTS 1 MAXEXTENTS 2147483645
  PCTINCREASE 0 FREELISTS 1 FREELIST GROUPS 1 BUFFER_POOL DEFAULT FLASH_CACHE DEFAULT CELL_FLASH_CACHE DEFAULT)
  TABLESPACE "SYSTEM"  ENABLE;
  ALTER TABLE "NEXTROOM"."CAFE" MODIFY ("USERNO" NOT NULL ENABLE);
  ALTER TABLE "NEXTROOM"."CAFE" MODIFY ("CAFENO" NOT NULL ENABLE);
--------------------------------------------------------
--  Constraints for Table PARTYAPPLICANT
--------------------------------------------------------

  ALTER TABLE "NEXTROOM"."PARTYAPPLICANT" ADD CONSTRAINT "PK_PARTYAPPLICANT" PRIMARY KEY ("PARTYNO")
  USING INDEX PCTFREE 10 INITRANS 2 MAXTRANS 255 COMPUTE STATISTICS 
  STORAGE(INITIAL 65536 NEXT 1048576 MINEXTENTS 1 MAXEXTENTS 2147483645
  PCTINCREASE 0 FREELISTS 1 FREELIST GROUPS 1 BUFFER_POOL DEFAULT FLASH_CACHE DEFAULT CELL_FLASH_CACHE DEFAULT)
  TABLESPACE "SYSTEM"  ENABLE;
  ALTER TABLE "NEXTROOM"."PARTYAPPLICANT" MODIFY ("USERNO" NOT NULL ENABLE);
  ALTER TABLE "NEXTROOM"."PARTYAPPLICANT" MODIFY ("PARTYNO" NOT NULL ENABLE);
--------------------------------------------------------
--  Constraints for Table PARTYDETAIL
--------------------------------------------------------

  ALTER TABLE "NEXTROOM"."PARTYDETAIL" ADD CONSTRAINT "PK_PARTYDETAIL" PRIMARY KEY ("PARTYNO")
  USING INDEX PCTFREE 10 INITRANS 2 MAXTRANS 255 COMPUTE STATISTICS 
  STORAGE(INITIAL 65536 NEXT 1048576 MINEXTENTS 1 MAXEXTENTS 2147483645
  PCTINCREASE 0 FREELISTS 1 FREELIST GROUPS 1 BUFFER_POOL DEFAULT FLASH_CACHE DEFAULT CELL_FLASH_CACHE DEFAULT)
  TABLESPACE "SYSTEM"  ENABLE;
  ALTER TABLE "NEXTROOM"."PARTYDETAIL" MODIFY ("USERSTATE" NOT NULL ENABLE);
  ALTER TABLE "NEXTROOM"."PARTYDETAIL" MODIFY ("USERNO" NOT NULL ENABLE);
  ALTER TABLE "NEXTROOM"."PARTYDETAIL" MODIFY ("PARTYNO" NOT NULL ENABLE);
--------------------------------------------------------
--  Constraints for Table USERS
--------------------------------------------------------

  ALTER TABLE "NEXTROOM"."USERS" ADD CONSTRAINT "UK_USERS" UNIQUE ("ID", "NICKNAME", "EMAIL")
  USING INDEX PCTFREE 10 INITRANS 2 MAXTRANS 255 COMPUTE STATISTICS 
  STORAGE(INITIAL 65536 NEXT 1048576 MINEXTENTS 1 MAXEXTENTS 2147483645
  PCTINCREASE 0 FREELISTS 1 FREELIST GROUPS 1 BUFFER_POOL DEFAULT FLASH_CACHE DEFAULT CELL_FLASH_CACHE DEFAULT)
  TABLESPACE "SYSTEM"  ENABLE;
  ALTER TABLE "NEXTROOM"."USERS" ADD CONSTRAINT "PK_USERS" PRIMARY KEY ("USERNO")
  USING INDEX PCTFREE 10 INITRANS 2 MAXTRANS 255 COMPUTE STATISTICS 
  STORAGE(INITIAL 65536 NEXT 1048576 MINEXTENTS 1 MAXEXTENTS 2147483645
  PCTINCREASE 0 FREELISTS 1 FREELIST GROUPS 1 BUFFER_POOL DEFAULT FLASH_CACHE DEFAULT CELL_FLASH_CACHE DEFAULT)
  TABLESPACE "SYSTEM"  ENABLE;
  ALTER TABLE "NEXTROOM"."USERS" MODIFY ("NICKNAME" NOT NULL ENABLE);
  ALTER TABLE "NEXTROOM"."USERS" MODIFY ("USERNAME" NOT NULL ENABLE);
  ALTER TABLE "NEXTROOM"."USERS" MODIFY ("PASSWORD" NOT NULL ENABLE);
  ALTER TABLE "NEXTROOM"."USERS" MODIFY ("ID" NOT NULL ENABLE);
  ALTER TABLE "NEXTROOM"."USERS" MODIFY ("USERNO" NOT NULL ENABLE);
--------------------------------------------------------
--  Constraints for Table PRERECORD
--------------------------------------------------------

  ALTER TABLE "NEXTROOM"."PRERECORD" ADD CONSTRAINT "PK_PRERECORD" PRIMARY KEY ("GAMENO")
  USING INDEX PCTFREE 10 INITRANS 2 MAXTRANS 255 COMPUTE STATISTICS 
  STORAGE(INITIAL 65536 NEXT 1048576 MINEXTENTS 1 MAXEXTENTS 2147483645
  PCTINCREASE 0 FREELISTS 1 FREELIST GROUPS 1 BUFFER_POOL DEFAULT FLASH_CACHE DEFAULT CELL_FLASH_CACHE DEFAULT)
  TABLESPACE "SYSTEM"  ENABLE;
  ALTER TABLE "NEXTROOM"."PRERECORD" MODIFY ("THEMENO" NOT NULL ENABLE);
  ALTER TABLE "NEXTROOM"."PRERECORD" MODIFY ("GAMENO" NOT NULL ENABLE);
--------------------------------------------------------
--  Constraints for Table PARTY
--------------------------------------------------------

  ALTER TABLE "NEXTROOM"."PARTY" ADD CONSTRAINT "PK_PARTY" PRIMARY KEY ("PARTYNO")
  USING INDEX PCTFREE 10 INITRANS 2 MAXTRANS 255 COMPUTE STATISTICS 
  STORAGE(INITIAL 65536 NEXT 1048576 MINEXTENTS 1 MAXEXTENTS 2147483645
  PCTINCREASE 0 FREELISTS 1 FREELIST GROUPS 1 BUFFER_POOL DEFAULT FLASH_CACHE DEFAULT CELL_FLASH_CACHE DEFAULT)
  TABLESPACE "SYSTEM"  ENABLE;
  ALTER TABLE "NEXTROOM"."PARTY" MODIFY ("THEMENO" NOT NULL ENABLE);
  ALTER TABLE "NEXTROOM"."PARTY" MODIFY ("CAFENO" NOT NULL ENABLE);
  ALTER TABLE "NEXTROOM"."PARTY" MODIFY ("PARTYNO" NOT NULL ENABLE);
--------------------------------------------------------
--  Constraints for Table THEMETIME
--------------------------------------------------------

  ALTER TABLE "NEXTROOM"."THEMETIME" ADD CONSTRAINT "PK_THEMETIME" PRIMARY KEY ("THEMETIMENO")
  USING INDEX PCTFREE 10 INITRANS 2 MAXTRANS 255 COMPUTE STATISTICS 
  STORAGE(INITIAL 65536 NEXT 1048576 MINEXTENTS 1 MAXEXTENTS 2147483645
  PCTINCREASE 0 FREELISTS 1 FREELIST GROUPS 1 BUFFER_POOL DEFAULT FLASH_CACHE DEFAULT CELL_FLASH_CACHE DEFAULT)
  TABLESPACE "SYSTEM"  ENABLE;
  ALTER TABLE "NEXTROOM"."THEMETIME" MODIFY ("THEMENO" NOT NULL ENABLE);
  ALTER TABLE "NEXTROOM"."THEMETIME" MODIFY ("THEMETIMENO" NOT NULL ENABLE);
--------------------------------------------------------
--  Constraints for Table THEME
--------------------------------------------------------

  ALTER TABLE "NEXTROOM"."THEME" ADD CONSTRAINT "PK_THEME" PRIMARY KEY ("THEMENO")
  USING INDEX PCTFREE 10 INITRANS 2 MAXTRANS 255 COMPUTE STATISTICS 
  STORAGE(INITIAL 65536 NEXT 1048576 MINEXTENTS 1 MAXEXTENTS 2147483645
  PCTINCREASE 0 FREELISTS 1 FREELIST GROUPS 1 BUFFER_POOL DEFAULT FLASH_CACHE DEFAULT CELL_FLASH_CACHE DEFAULT)
  TABLESPACE "SYSTEM"  ENABLE;
  ALTER TABLE "NEXTROOM"."THEME" MODIFY ("THEMENAME" NOT NULL ENABLE);
  ALTER TABLE "NEXTROOM"."THEME" MODIFY ("CAFENO" NOT NULL ENABLE);
  ALTER TABLE "NEXTROOM"."THEME" MODIFY ("THEMENO" NOT NULL ENABLE);
--------------------------------------------------------
--  Constraints for Table RESERVEPEOPLE
--------------------------------------------------------

  ALTER TABLE "NEXTROOM"."RESERVEPEOPLE" ADD CONSTRAINT "PK_RESERVEPEOPLE" PRIMARY KEY ("RESERVEMEMBERNO")
  USING INDEX PCTFREE 10 INITRANS 2 MAXTRANS 255 COMPUTE STATISTICS 
  STORAGE(INITIAL 65536 NEXT 1048576 MINEXTENTS 1 MAXEXTENTS 2147483645
  PCTINCREASE 0 FREELISTS 1 FREELIST GROUPS 1 BUFFER_POOL DEFAULT FLASH_CACHE DEFAULT CELL_FLASH_CACHE DEFAULT)
  TABLESPACE "SYSTEM"  ENABLE;
  ALTER TABLE "NEXTROOM"."RESERVEPEOPLE" MODIFY ("USERNO" NOT NULL ENABLE);
  ALTER TABLE "NEXTROOM"."RESERVEPEOPLE" MODIFY ("RESERVENO" NOT NULL ENABLE);
  ALTER TABLE "NEXTROOM"."RESERVEPEOPLE" MODIFY ("RESERVEMEMBERNO" NOT NULL ENABLE);
--------------------------------------------------------
--  Constraints for Table RESERVEDATE
--------------------------------------------------------

  ALTER TABLE "NEXTROOM"."RESERVEDATE" ADD CONSTRAINT "PK_RESERVEDATE" PRIMARY KEY ("RESERVEDATENO")
  USING INDEX PCTFREE 10 INITRANS 2 MAXTRANS 255 COMPUTE STATISTICS 
  STORAGE(INITIAL 65536 NEXT 1048576 MINEXTENTS 1 MAXEXTENTS 2147483645
  PCTINCREASE 0 FREELISTS 1 FREELIST GROUPS 1 BUFFER_POOL DEFAULT FLASH_CACHE DEFAULT CELL_FLASH_CACHE DEFAULT)
  TABLESPACE "SYSTEM"  ENABLE;
  ALTER TABLE "NEXTROOM"."RESERVEDATE" MODIFY ("RESERVEDATE" NOT NULL ENABLE);
  ALTER TABLE "NEXTROOM"."RESERVEDATE" MODIFY ("THEMENO" NOT NULL ENABLE);
  ALTER TABLE "NEXTROOM"."RESERVEDATE" MODIFY ("RESERVEDATENO" NOT NULL ENABLE);
--------------------------------------------------------
--  Constraints for Table RECORD
--------------------------------------------------------

  ALTER TABLE "NEXTROOM"."RECORD" ADD CONSTRAINT "PK_RECORD" PRIMARY KEY ("RECORDNO")
  USING INDEX PCTFREE 10 INITRANS 2 MAXTRANS 255 COMPUTE STATISTICS 
  STORAGE(INITIAL 65536 NEXT 1048576 MINEXTENTS 1 MAXEXTENTS 2147483645
  PCTINCREASE 0 FREELISTS 1 FREELIST GROUPS 1 BUFFER_POOL DEFAULT FLASH_CACHE DEFAULT CELL_FLASH_CACHE DEFAULT)
  TABLESPACE "SYSTEM"  ENABLE;
  ALTER TABLE "NEXTROOM"."RECORD" MODIFY ("USERNO" NOT NULL ENABLE);
  ALTER TABLE "NEXTROOM"."RECORD" MODIFY ("GAMENO" NOT NULL ENABLE);
  ALTER TABLE "NEXTROOM"."RECORD" MODIFY ("RECORDNO" NOT NULL ENABLE);
--------------------------------------------------------
--  Constraints for Table INTERIORIMG
--------------------------------------------------------

  ALTER TABLE "NEXTROOM"."INTERIORIMG" MODIFY ("CAFENO" NOT NULL ENABLE);
--------------------------------------------------------
--  Constraints for Table RESERVETIME
--------------------------------------------------------

  ALTER TABLE "NEXTROOM"."RESERVETIME" ADD CONSTRAINT "PK_RESERVETIME" PRIMARY KEY ("RESERVETIMENO")
  USING INDEX PCTFREE 10 INITRANS 2 MAXTRANS 255 COMPUTE STATISTICS 
  STORAGE(INITIAL 65536 NEXT 1048576 MINEXTENTS 1 MAXEXTENTS 2147483645
  PCTINCREASE 0 FREELISTS 1 FREELIST GROUPS 1 BUFFER_POOL DEFAULT FLASH_CACHE DEFAULT CELL_FLASH_CACHE DEFAULT)
  TABLESPACE "SYSTEM"  ENABLE;
  ALTER TABLE "NEXTROOM"."RESERVETIME" MODIFY ("RESERVEDATENO" NOT NULL ENABLE);
  ALTER TABLE "NEXTROOM"."RESERVETIME" MODIFY ("RESERVETIMENO" NOT NULL ENABLE);
--------------------------------------------------------
--  Ref Constraints for Table CAFE
--------------------------------------------------------

  ALTER TABLE "NEXTROOM"."CAFE" ADD CONSTRAINT "FK_USERS_TO_CAFE" FOREIGN KEY ("USERNO")
	  REFERENCES "NEXTROOM"."USERS" ("USERNO") ENABLE;
--------------------------------------------------------
--  Ref Constraints for Table INTERIORIMG
--------------------------------------------------------

  ALTER TABLE "NEXTROOM"."INTERIORIMG" ADD CONSTRAINT "FK_CAFE_TO_INTERIORIMG" FOREIGN KEY ("CAFENO")
	  REFERENCES "NEXTROOM"."CAFE" ("CAFENO") ENABLE;
--------------------------------------------------------
--  Ref Constraints for Table PARTY
--------------------------------------------------------

  ALTER TABLE "NEXTROOM"."PARTY" ADD CONSTRAINT "FK_CAFE_TO_PARTY" FOREIGN KEY ("CAFENO")
	  REFERENCES "NEXTROOM"."CAFE" ("CAFENO") ENABLE;
  ALTER TABLE "NEXTROOM"."PARTY" ADD CONSTRAINT "FK_THEME_TO_PARTY" FOREIGN KEY ("THEMENO")
	  REFERENCES "NEXTROOM"."THEME" ("THEMENO") ENABLE;
--------------------------------------------------------
--  Ref Constraints for Table PARTYAPPLICANT
--------------------------------------------------------

  ALTER TABLE "NEXTROOM"."PARTYAPPLICANT" ADD CONSTRAINT "FK_PARTY_TO_PARTYAPPLICANT" FOREIGN KEY ("PARTYNO")
	  REFERENCES "NEXTROOM"."PARTY" ("PARTYNO") ENABLE;
  ALTER TABLE "NEXTROOM"."PARTYAPPLICANT" ADD CONSTRAINT "FK_USERS_TO_PARTYAPPLICANT" FOREIGN KEY ("USERNO")
	  REFERENCES "NEXTROOM"."USERS" ("USERNO") ENABLE;
--------------------------------------------------------
--  Ref Constraints for Table PARTYDETAIL
--------------------------------------------------------

  ALTER TABLE "NEXTROOM"."PARTYDETAIL" ADD CONSTRAINT "FK_PARTY_TO_PARTYDETAIL" FOREIGN KEY ("PARTYNO")
	  REFERENCES "NEXTROOM"."PARTY" ("PARTYNO") ENABLE;
  ALTER TABLE "NEXTROOM"."PARTYDETAIL" ADD CONSTRAINT "FK_USERS_TO_PARTYDETAIL" FOREIGN KEY ("USERNO")
	  REFERENCES "NEXTROOM"."USERS" ("USERNO") ENABLE;
--------------------------------------------------------
--  Ref Constraints for Table PRERECORD
--------------------------------------------------------

  ALTER TABLE "NEXTROOM"."PRERECORD" ADD CONSTRAINT "FK_RESERVE_TO_PRERECORD" FOREIGN KEY ("RESERVENO")
	  REFERENCES "NEXTROOM"."RESERVE" ("RESERVENO") ENABLE;
  ALTER TABLE "NEXTROOM"."PRERECORD" ADD CONSTRAINT "FK_THEME_TO_PRERECORD" FOREIGN KEY ("THEMENO")
	  REFERENCES "NEXTROOM"."THEME" ("THEMENO") ENABLE;
--------------------------------------------------------
--  Ref Constraints for Table RECORD
--------------------------------------------------------

  ALTER TABLE "NEXTROOM"."RECORD" ADD CONSTRAINT "FK_PRERECORD_TO_RECORD" FOREIGN KEY ("GAMENO")
	  REFERENCES "NEXTROOM"."PRERECORD" ("GAMENO") ENABLE;
  ALTER TABLE "NEXTROOM"."RECORD" ADD CONSTRAINT "FK_USERS_TO_RECORD" FOREIGN KEY ("USERNO")
	  REFERENCES "NEXTROOM"."USERS" ("USERNO") ENABLE;
--------------------------------------------------------
--  Ref Constraints for Table RESERVE
--------------------------------------------------------

  ALTER TABLE "NEXTROOM"."RESERVE" ADD CONSTRAINT "FK_RESERVETIME_TO_RESERVE" FOREIGN KEY ("RESERVETIMENO")
	  REFERENCES "NEXTROOM"."RESERVETIME" ("RESERVETIMENO") ENABLE;
--------------------------------------------------------
--  Ref Constraints for Table RESERVEDATE
--------------------------------------------------------

  ALTER TABLE "NEXTROOM"."RESERVEDATE" ADD CONSTRAINT "FK_THEME_TO_RESERVEDATE" FOREIGN KEY ("THEMENO")
	  REFERENCES "NEXTROOM"."THEME" ("THEMENO") ENABLE;
--------------------------------------------------------
--  Ref Constraints for Table RESERVEPEOPLE
--------------------------------------------------------

  ALTER TABLE "NEXTROOM"."RESERVEPEOPLE" ADD CONSTRAINT "FK_RESERVE_TO_RESERVEPEOPLE" FOREIGN KEY ("RESERVENO")
	  REFERENCES "NEXTROOM"."RESERVE" ("RESERVENO") ENABLE;
  ALTER TABLE "NEXTROOM"."RESERVEPEOPLE" ADD CONSTRAINT "FK_USERS_TO_RESERVEPEOPLE" FOREIGN KEY ("USERNO")
	  REFERENCES "NEXTROOM"."USERS" ("USERNO") ENABLE;
--------------------------------------------------------
--  Ref Constraints for Table RESERVETIME
--------------------------------------------------------

  ALTER TABLE "NEXTROOM"."RESERVETIME" ADD CONSTRAINT "FK_RESERVEDATE_TO_RESERVETIME" FOREIGN KEY ("RESERVEDATENO")
	  REFERENCES "NEXTROOM"."RESERVEDATE" ("RESERVEDATENO") ENABLE;
--------------------------------------------------------
--  Ref Constraints for Table REVIEW
--------------------------------------------------------

  ALTER TABLE "NEXTROOM"."REVIEW" ADD CONSTRAINT "FK_THEME_TO_REVIEW" FOREIGN KEY ("THEMENO")
	  REFERENCES "NEXTROOM"."THEME" ("THEMENO") ENABLE;
  ALTER TABLE "NEXTROOM"."REVIEW" ADD CONSTRAINT "FK_USERS_TO_REVIEW" FOREIGN KEY ("USERNO")
	  REFERENCES "NEXTROOM"."USERS" ("USERNO") ENABLE;
--------------------------------------------------------
--  Ref Constraints for Table THEME
--------------------------------------------------------

  ALTER TABLE "NEXTROOM"."THEME" ADD CONSTRAINT "FK_CAFE_TO_THEME" FOREIGN KEY ("CAFENO")
	  REFERENCES "NEXTROOM"."CAFE" ("CAFENO") ENABLE;
--------------------------------------------------------
--  Ref Constraints for Table THEMEPRICE
--------------------------------------------------------

  ALTER TABLE "NEXTROOM"."THEMEPRICE" ADD CONSTRAINT "FK_THEME_TO_THEMEPRICE" FOREIGN KEY ("THEMENO")
	  REFERENCES "NEXTROOM"."THEME" ("THEMENO") ENABLE;
--------------------------------------------------------
--  Ref Constraints for Table THEMETIME
--------------------------------------------------------

  ALTER TABLE "NEXTROOM"."THEMETIME" ADD CONSTRAINT "FK_THEME_TO_THEMETIME" FOREIGN KEY ("THEMENO")
	  REFERENCES "NEXTROOM"."THEME" ("THEMENO") ENABLE;
