DROP SEQUENCE userNO;
DROP SEQUENCE cafeNo;
DROP SEQUENCE themeNo;
DROP SEQUENCE partyNo;
DROP SEQUENCE reserveDateNo;
DROP SEQUENCE reserveTimeNo;
DROP SEQUENCE reserveNo;
DROP SEQUENCE reserveMemberNo;
DROP SEQUENCE reviewNo;
DROP SEQUENCE recordNo;
DROP SEQUENCE gameNo;
DROP SEQUENCE themeTimeNo;
DROP SEQUENCE boardNo;
DROP SEQUENCE commentNo;

ALTER TABLE users
   DROP
      UNIQUE (
         id,
         nickname,
         email
      )
      CASCADE
      KEEP INDEX;

DROP INDEX UIX_users;

DROP INDEX PK_users;

DROP TABLE users 
   CASCADE CONSTRAINTS;
   
   DROP INDEX PK_cafe;

/* 카페 */
DROP TABLE cafe 
   CASCADE CONSTRAINTS;
   
   
   DROP INDEX PK_theme;

/* 테마 */
DROP TABLE theme 
   CASCADE CONSTRAINTS;
   
   
   DROP TABLE party 
    CASCADE CONSTRAINTS;
    
    DROP TABLE themePrice 
   CASCADE CONSTRAINTS;
    
    
    DROP INDEX PK_themeTime;

/* 새 테이블5 */
DROP TABLE themeTime 
   CASCADE CONSTRAINTS;
    

    DROP INDEX PK_review;

/* 후기게시판 */
DROP TABLE review 
   CASCADE CONSTRAINTS;
   
   DROP INDEX PK_reserveDate;

/* 예약날짜 */
DROP TABLE reserveDate 
   CASCADE CONSTRAINTS;
   

   DROP INDEX PK_reserveTime;

/* 예약시간 */
DROP TABLE reserveTime 
   CASCADE CONSTRAINTS;
    

    DROP INDEX PK_reserve;

/* 예약정보 */
DROP TABLE reserve 
   CASCADE CONSTRAINTS;
    

    DROP INDEX PK_reservePeople;

/* 예약회원 */
DROP TABLE reservePeople 
   CASCADE CONSTRAINTS;
   

   DROP INDEX PK_partyApplicant;

/* 파티지원맴버 */
DROP TABLE partyApplicant 
   CASCADE CONSTRAINTS;
   

   DROP INDEX PK_partyDetail;

/* 파티승인맴버 */
DROP TABLE partyDetail 
   CASCADE CONSTRAINTS;
   

   /* 카페이미지 */
DROP TABLE interiorImg 
   CASCADE CONSTRAINTS;
   

   DROP INDEX PK_preRecord;

/* 게임정보 */
DROP TABLE preRecord 
   CASCADE CONSTRAINTS;
    

    
    DROP INDEX PK_record;

/* 개인별경기기록 */
DROP TABLE record 
   CASCADE CONSTRAINTS;


/* 레이팅 */
DROP TABLE rankRating 
	CASCADE CONSTRAINTS;
	
/* 자유게시판 */
DROP TABLE freeBoard 
	CASCADE CONSTRAINTS;
   
/* 자유게시판 이미지 */
DROP TABLE FREEBOARDIMG 
	CASCADE CONSTRAINTS;  
   
/* 장르 */

DROP TABLE GENRE 
	CASCADE CONSTRAINTS;  


--------------------------------------------------------
--  파일이 생성됨 - 토요일-10월-16-2021   
--------------------------------------------------------
--------------------------------------------------------
--  DDL for Sequence BOARDNO
--------------------------------------------------------

   CREATE SEQUENCE  "NEXTROOM"."BOARDNO"  MINVALUE 1 MAXVALUE 9999999999999999999999999999 INCREMENT BY 1 START WITH 13 NOCACHE  NOORDER  NOCYCLE ;
--------------------------------------------------------
--  DDL for Sequence CAFENO
--------------------------------------------------------

   CREATE SEQUENCE  "NEXTROOM"."CAFENO"  MINVALUE 1 MAXVALUE 9999999999999999999999999999 INCREMENT BY 1 START WITH 52 NOCACHE  NOORDER  NOCYCLE ;
--------------------------------------------------------
--  DDL for Sequence GAMENO
--------------------------------------------------------

   CREATE SEQUENCE  "NEXTROOM"."GAMENO"  MINVALUE 1 MAXVALUE 9999999999999999999999999999 INCREMENT BY 1 START WITH 7 NOCACHE  NOORDER  NOCYCLE ;
--------------------------------------------------------
--  DDL for Sequence INTERIORNO
--------------------------------------------------------

   CREATE SEQUENCE  "NEXTROOM"."INTERIORNO"  MINVALUE 1 MAXVALUE 9999999999999999999999999999 INCREMENT BY 1 START WITH 34 NOCACHE  NOORDER  NOCYCLE ;
--------------------------------------------------------
--  DDL for Sequence PARTYNO
--------------------------------------------------------

   CREATE SEQUENCE  "NEXTROOM"."PARTYNO"  MINVALUE 1 MAXVALUE 9999999999999999999999999999 INCREMENT BY 1 START WITH 3 NOCACHE  NOORDER  NOCYCLE ;
--------------------------------------------------------
--  DDL for Sequence RECORDNO
--------------------------------------------------------

   CREATE SEQUENCE  "NEXTROOM"."RECORDNO"  MINVALUE 1 MAXVALUE 9999999999999999999999999999 INCREMENT BY 1 START WITH 1 NOCACHE  NOORDER  NOCYCLE ;
--------------------------------------------------------
--  DDL for Sequence RESERVEDATENO
--------------------------------------------------------

   CREATE SEQUENCE  "NEXTROOM"."RESERVEDATENO"  MINVALUE 1 MAXVALUE 9999999999999999999999999999 INCREMENT BY 1 START WITH 8 NOCACHE  NOORDER  NOCYCLE ;
--------------------------------------------------------
--  DDL for Sequence RESERVEMEMBERNO
--------------------------------------------------------

   CREATE SEQUENCE  "NEXTROOM"."RESERVEMEMBERNO"  MINVALUE 1 MAXVALUE 9999999999999999999999999999 INCREMENT BY 1 START WITH 10 NOCACHE  NOORDER  NOCYCLE ;
--------------------------------------------------------
--  DDL for Sequence RESERVENO
--------------------------------------------------------

   CREATE SEQUENCE  "NEXTROOM"."RESERVENO"  MINVALUE 1 MAXVALUE 9999999999999999999999999999 INCREMENT BY 1 START WITH 9 NOCACHE  NOORDER  NOCYCLE ;
--------------------------------------------------------
--  DDL for Sequence RESERVETIMENO
--------------------------------------------------------

   CREATE SEQUENCE  "NEXTROOM"."RESERVETIMENO"  MINVALUE 1 MAXVALUE 9999999999999999999999999999 INCREMENT BY 1 START WITH 27 NOCACHE  NOORDER  NOCYCLE ;
--------------------------------------------------------
--  DDL for Sequence REVIEWNO
--------------------------------------------------------

   CREATE SEQUENCE  "NEXTROOM"."REVIEWNO"  MINVALUE 1 MAXVALUE 9999999999999999999999999999 INCREMENT BY 1 START WITH 18 NOCACHE  NOORDER  NOCYCLE ;
--------------------------------------------------------
--  DDL for Sequence THEMENO
--------------------------------------------------------

   CREATE SEQUENCE  "NEXTROOM"."THEMENO"  MINVALUE 1 MAXVALUE 9999999999999999999999999999 INCREMENT BY 1 START WITH 131 NOCACHE  NOORDER  NOCYCLE ;
--------------------------------------------------------
--  DDL for Sequence THEMETIMENO
--------------------------------------------------------

   CREATE SEQUENCE  "NEXTROOM"."THEMETIMENO"  MINVALUE 1 MAXVALUE 9999999999999999999999999999 INCREMENT BY 1 START WITH 73 NOCACHE  NOORDER  NOCYCLE ;
--------------------------------------------------------
--  DDL for Sequence USERNO
--------------------------------------------------------

   CREATE SEQUENCE  "NEXTROOM"."USERNO"  MINVALUE 1 MAXVALUE 9999999999999999999999999999 INCREMENT BY 1 START WITH 28 NOCACHE  NOORDER  NOCYCLE ;
   --------------------------------------------------------
--  DDL for Sequence COMMENTNO
--------------------------------------------------------

   CREATE SEQUENCE  "NEXTROOM"."COMMENTNO"  MINVALUE 1 MAXVALUE 9999999999999999999999999999 INCREMENT BY 1 START WITH 1 CACHE 20 NOORDER  NOCYCLE ;
--------------------------------------------------------
--  DDL for Table CAFE
--------------------------------------------------------

  CREATE TABLE "NEXTROOM"."CAFE" 
   (	"CAFENO" NUMBER, 
	"USERNO" NUMBER, 
	"CAFENAME" VARCHAR2(50 BYTE), 
	"CAFEHP" VARCHAR2(20 BYTE), 
	"OPENTIME" VARCHAR2(20 BYTE), 
	"CLOSETIME" VARCHAR2(20 BYTE), 
	"CAFEINTRO" VARCHAR2(2000 BYTE), 
	"URL" VARCHAR2(200 BYTE), 
	"CAFEIMG" VARCHAR2(200 BYTE), 
	"POSTCODE" VARCHAR2(100 BYTE), 
	"ADDRESS" VARCHAR2(500 BYTE), 
	"ADDRESSDETAIL" VARCHAR2(500 BYTE), 
	"PRINTADDRESS" VARCHAR2(500 BYTE), 
	"SIDO" VARCHAR2(50 BYTE), 
	"SIGUNGU" VARCHAR2(50 BYTE), 
	"SIDODETAIL" VARCHAR2(50 BYTE), 
	"LATITUDE" VARCHAR2(200 BYTE), 
	"LONGITUDE" VARCHAR2(200 BYTE), 
	"STATE" VARCHAR2(20 BYTE)
   ) SEGMENT CREATION IMMEDIATE 
  PCTFREE 10 PCTUSED 40 INITRANS 1 MAXTRANS 255 NOCOMPRESS LOGGING
  STORAGE(INITIAL 65536 NEXT 1048576 MINEXTENTS 1 MAXEXTENTS 2147483645
  PCTINCREASE 0 FREELISTS 1 FREELIST GROUPS 1 BUFFER_POOL DEFAULT FLASH_CACHE DEFAULT CELL_FLASH_CACHE DEFAULT)
  TABLESPACE "SYSTEM" ;

   COMMENT ON COLUMN "NEXTROOM"."CAFE"."CAFENO" IS '카페번호';
   COMMENT ON COLUMN "NEXTROOM"."CAFE"."USERNO" IS '회원번호';
   COMMENT ON COLUMN "NEXTROOM"."CAFE"."CAFENAME" IS '카페이름';
   COMMENT ON COLUMN "NEXTROOM"."CAFE"."CAFEHP" IS '카페전화번호';
   COMMENT ON COLUMN "NEXTROOM"."CAFE"."OPENTIME" IS '카페오픈시간';
   COMMENT ON COLUMN "NEXTROOM"."CAFE"."CLOSETIME" IS '카페마감시간';
   COMMENT ON COLUMN "NEXTROOM"."CAFE"."CAFEINTRO" IS '카페소개글';
   COMMENT ON COLUMN "NEXTROOM"."CAFE"."URL" IS '카페URL';
   COMMENT ON COLUMN "NEXTROOM"."CAFE"."CAFEIMG" IS '메인이미지경로';
   COMMENT ON COLUMN "NEXTROOM"."CAFE"."POSTCODE" IS '우편번호';
   COMMENT ON COLUMN "NEXTROOM"."CAFE"."ADDRESS" IS '기본주소';
   COMMENT ON COLUMN "NEXTROOM"."CAFE"."ADDRESSDETAIL" IS '상세주소';
   COMMENT ON COLUMN "NEXTROOM"."CAFE"."PRINTADDRESS" IS '출력용주소';
   COMMENT ON COLUMN "NEXTROOM"."CAFE"."SIDO" IS '---관리용주소1 시/도';
   COMMENT ON COLUMN "NEXTROOM"."CAFE"."SIGUNGU" IS '---관리용주소2 시/군/구';
   COMMENT ON COLUMN "NEXTROOM"."CAFE"."SIDODETAIL" IS '---관리용주소3 서울시/경기도만 사용';
   COMMENT ON COLUMN "NEXTROOM"."CAFE"."LATITUDE" IS '위도';
   COMMENT ON COLUMN "NEXTROOM"."CAFE"."LONGITUDE" IS '경도';
   COMMENT ON COLUMN "NEXTROOM"."CAFE"."STATE" IS '현재상태';
   COMMENT ON TABLE "NEXTROOM"."CAFE"  IS '카페';
--------------------------------------------------------
--  DDL for Table FREEBOARD
--------------------------------------------------------

  CREATE TABLE "NEXTROOM"."FREEBOARD" 
   (	"BOARDNO" NUMBER, 
	"USERNO" NUMBER, 
	"BOARDTITLE" VARCHAR2(200 BYTE), 
	"BOARDCONTENT" VARCHAR2(1000 BYTE), 
	"REGDATE" DATE, 
	"BOARDHIT" NUMBER, 
	"BOARDLIKE" NUMBER, 
	"BOARDIMG" VARCHAR2(200 BYTE)
   ) SEGMENT CREATION IMMEDIATE 
  PCTFREE 10 PCTUSED 40 INITRANS 1 MAXTRANS 255 NOCOMPRESS LOGGING
  STORAGE(INITIAL 65536 NEXT 1048576 MINEXTENTS 1 MAXEXTENTS 2147483645
  PCTINCREASE 0 FREELISTS 1 FREELIST GROUPS 1 BUFFER_POOL DEFAULT FLASH_CACHE DEFAULT CELL_FLASH_CACHE DEFAULT)
  TABLESPACE "SYSTEM" ;

   COMMENT ON COLUMN "NEXTROOM"."FREEBOARD"."BOARDNO" IS '자유게시판 번호';
   COMMENT ON COLUMN "NEXTROOM"."FREEBOARD"."USERNO" IS '회원번호';
   COMMENT ON COLUMN "NEXTROOM"."FREEBOARD"."BOARDTITLE" IS '제목';
   COMMENT ON COLUMN "NEXTROOM"."FREEBOARD"."BOARDCONTENT" IS '내용';
   COMMENT ON COLUMN "NEXTROOM"."FREEBOARD"."REGDATE" IS '작성일';
   COMMENT ON COLUMN "NEXTROOM"."FREEBOARD"."BOARDHIT" IS '조회수';
   COMMENT ON COLUMN "NEXTROOM"."FREEBOARD"."BOARDLIKE" IS '추천수';
   COMMENT ON COLUMN "NEXTROOM"."FREEBOARD"."BOARDIMG" IS '게시판 이미지';
   COMMENT ON TABLE "NEXTROOM"."FREEBOARD"  IS '자유게시판';
--------------------------------------------------------
--  DDL for Table FREEBOARDIMG
--------------------------------------------------------

  CREATE TABLE "NEXTROOM"."FREEBOARDIMG" 
   (	"BOARDNO" NUMBER, 
	"IMG" VARCHAR2(200 BYTE)
   ) SEGMENT CREATION IMMEDIATE 
  PCTFREE 10 PCTUSED 40 INITRANS 1 MAXTRANS 255 NOCOMPRESS LOGGING
  STORAGE(INITIAL 65536 NEXT 1048576 MINEXTENTS 1 MAXEXTENTS 2147483645
  PCTINCREASE 0 FREELISTS 1 FREELIST GROUPS 1 BUFFER_POOL DEFAULT FLASH_CACHE DEFAULT CELL_FLASH_CACHE DEFAULT)
  TABLESPACE "SYSTEM" ;

   COMMENT ON COLUMN "NEXTROOM"."FREEBOARDIMG"."BOARDNO" IS '자유게시판 번호';
   COMMENT ON COLUMN "NEXTROOM"."FREEBOARDIMG"."IMG" IS '자유게시판이미지 경로';
   COMMENT ON TABLE "NEXTROOM"."FREEBOARDIMG"  IS '자유게시판이미지';
--------------------------------------------------------
--  DDL for Table GENRE
--------------------------------------------------------

  CREATE TABLE "NEXTROOM"."GENRE" 
   (	"GENRE" VARCHAR2(100 BYTE)
   ) SEGMENT CREATION IMMEDIATE 
  PCTFREE 10 PCTUSED 40 INITRANS 1 MAXTRANS 255 NOCOMPRESS LOGGING
  STORAGE(INITIAL 65536 NEXT 1048576 MINEXTENTS 1 MAXEXTENTS 2147483645
  PCTINCREASE 0 FREELISTS 1 FREELIST GROUPS 1 BUFFER_POOL DEFAULT FLASH_CACHE DEFAULT CELL_FLASH_CACHE DEFAULT)
  TABLESPACE "SYSTEM" ;

   COMMENT ON COLUMN "NEXTROOM"."GENRE"."GENRE" IS '장르';
   COMMENT ON TABLE "NEXTROOM"."GENRE"  IS '장르';
--------------------------------------------------------
--  DDL for Table INTERIORIMG
--------------------------------------------------------

  CREATE TABLE "NEXTROOM"."INTERIORIMG" 
   (	"INTERIORNO" NUMBER, 
	"CAFENO" NUMBER, 
	"IMG" VARCHAR2(200 BYTE)
   ) SEGMENT CREATION IMMEDIATE 
  PCTFREE 10 PCTUSED 40 INITRANS 1 MAXTRANS 255 NOCOMPRESS LOGGING
  STORAGE(INITIAL 65536 NEXT 1048576 MINEXTENTS 1 MAXEXTENTS 2147483645
  PCTINCREASE 0 FREELISTS 1 FREELIST GROUPS 1 BUFFER_POOL DEFAULT FLASH_CACHE DEFAULT CELL_FLASH_CACHE DEFAULT)
  TABLESPACE "SYSTEM" ;
--------------------------------------------------------
--  DDL for Table PARTY
--------------------------------------------------------

  CREATE TABLE "NEXTROOM"."PARTY" 
   (	"PARTYNO" NUMBER, 
	"USERNO" NUMBER, 
	"RESERVEDATENO" NUMBER, 
	"RESERVEDATE" DATE, 
	"CAFENO" NUMBER, 
	"THEMENO" NUMBER, 
	"RESERVETIMENO" NUMBER, 
	"THEMETIME" VARCHAR2(20 BYTE), 
	"THEMETIMENO" NUMBER, 
	"RESERVEPERSON" NUMBER, 
	"CONTENT" VARCHAR2(2000 BYTE), 
	"PARTYSTATE" VARCHAR2(20 BYTE)
   ) SEGMENT CREATION IMMEDIATE 
  PCTFREE 10 PCTUSED 40 INITRANS 1 MAXTRANS 255 NOCOMPRESS LOGGING
  STORAGE(INITIAL 65536 NEXT 1048576 MINEXTENTS 1 MAXEXTENTS 2147483645
  PCTINCREASE 0 FREELISTS 1 FREELIST GROUPS 1 BUFFER_POOL DEFAULT FLASH_CACHE DEFAULT CELL_FLASH_CACHE DEFAULT)
  TABLESPACE "SYSTEM" ;

   COMMENT ON COLUMN "NEXTROOM"."PARTY"."PARTYNO" IS '파티리스트번호';
   COMMENT ON COLUMN "NEXTROOM"."PARTY"."USERNO" IS '회원번호';
   COMMENT ON COLUMN "NEXTROOM"."PARTY"."RESERVEDATENO" IS '예약날짜번호';
   COMMENT ON COLUMN "NEXTROOM"."PARTY"."RESERVEDATE" IS '희망날짜';
   COMMENT ON COLUMN "NEXTROOM"."PARTY"."CAFENO" IS '카페번호';
   COMMENT ON COLUMN "NEXTROOM"."PARTY"."THEMENO" IS '테마번호';
   COMMENT ON COLUMN "NEXTROOM"."PARTY"."RESERVETIMENO" IS '예약시간번호';
   COMMENT ON COLUMN "NEXTROOM"."PARTY"."THEMETIME" IS '예약시간';
   COMMENT ON COLUMN "NEXTROOM"."PARTY"."RESERVEPERSON" IS '인원';
   COMMENT ON COLUMN "NEXTROOM"."PARTY"."CONTENT" IS '내용';
   COMMENT ON COLUMN "NEXTROOM"."PARTY"."PARTYSTATE" IS '모집상태';
   COMMENT ON TABLE "NEXTROOM"."PARTY"  IS '파티구하기';
--------------------------------------------------------
--  DDL for Table PARTYAPPLICANT
--------------------------------------------------------

  CREATE TABLE "NEXTROOM"."PARTYAPPLICANT" 
   (	"PARTYNO" NUMBER, 
	"USERNO" NUMBER
   ) SEGMENT CREATION IMMEDIATE 
  PCTFREE 10 PCTUSED 40 INITRANS 1 MAXTRANS 255 NOCOMPRESS LOGGING
  STORAGE(INITIAL 65536 NEXT 1048576 MINEXTENTS 1 MAXEXTENTS 2147483645
  PCTINCREASE 0 FREELISTS 1 FREELIST GROUPS 1 BUFFER_POOL DEFAULT FLASH_CACHE DEFAULT CELL_FLASH_CACHE DEFAULT)
  TABLESPACE "SYSTEM" ;

   COMMENT ON COLUMN "NEXTROOM"."PARTYAPPLICANT"."PARTYNO" IS '파티리스트번호';
   COMMENT ON COLUMN "NEXTROOM"."PARTYAPPLICANT"."USERNO" IS '회원번호';
   COMMENT ON TABLE "NEXTROOM"."PARTYAPPLICANT"  IS '파티지원맴버';
--------------------------------------------------------
--  DDL for Table PARTYDETAIL
--------------------------------------------------------

  CREATE TABLE "NEXTROOM"."PARTYDETAIL" 
   (	"PARTYNO" NUMBER, 
	"USERNO" NUMBER, 
	"USERSTATE" VARCHAR2(50 BYTE)
   ) SEGMENT CREATION IMMEDIATE 
  PCTFREE 10 PCTUSED 40 INITRANS 1 MAXTRANS 255 NOCOMPRESS LOGGING
  STORAGE(INITIAL 65536 NEXT 1048576 MINEXTENTS 1 MAXEXTENTS 2147483645
  PCTINCREASE 0 FREELISTS 1 FREELIST GROUPS 1 BUFFER_POOL DEFAULT FLASH_CACHE DEFAULT CELL_FLASH_CACHE DEFAULT)
  TABLESPACE "SYSTEM" ;

   COMMENT ON COLUMN "NEXTROOM"."PARTYDETAIL"."PARTYNO" IS '파티리스트번호';
   COMMENT ON COLUMN "NEXTROOM"."PARTYDETAIL"."USERNO" IS '회원번호';
   COMMENT ON COLUMN "NEXTROOM"."PARTYDETAIL"."USERSTATE" IS '유저상태';
   COMMENT ON TABLE "NEXTROOM"."PARTYDETAIL"  IS '파티승인맴버';
--------------------------------------------------------
--  DDL for Table PRERECORD
--------------------------------------------------------

  CREATE TABLE "NEXTROOM"."PRERECORD" 
   (	"GAMENO" NUMBER, 
	"THEMENO" NUMBER, 
	"RESERVENO" NUMBER, 
	"REGDATE" DATE, 
	"TOTALPERSON" NUMBER, 
	"GAMESTATE" VARCHAR2(20 BYTE)
   ) SEGMENT CREATION IMMEDIATE 
  PCTFREE 10 PCTUSED 40 INITRANS 1 MAXTRANS 255 NOCOMPRESS LOGGING
  STORAGE(INITIAL 65536 NEXT 1048576 MINEXTENTS 1 MAXEXTENTS 2147483645
  PCTINCREASE 0 FREELISTS 1 FREELIST GROUPS 1 BUFFER_POOL DEFAULT FLASH_CACHE DEFAULT CELL_FLASH_CACHE DEFAULT)
  TABLESPACE "SYSTEM" ;

   COMMENT ON COLUMN "NEXTROOM"."PRERECORD"."GAMENO" IS '게임번호';
   COMMENT ON COLUMN "NEXTROOM"."PRERECORD"."THEMENO" IS '테마번호';
   COMMENT ON COLUMN "NEXTROOM"."PRERECORD"."RESERVENO" IS '예약번호';
   COMMENT ON COLUMN "NEXTROOM"."PRERECORD"."REGDATE" IS '입실한 날짜';
   COMMENT ON COLUMN "NEXTROOM"."PRERECORD"."TOTALPERSON" IS '총인원';
   COMMENT ON COLUMN "NEXTROOM"."PRERECORD"."GAMESTATE" IS '게임상태';
   COMMENT ON TABLE "NEXTROOM"."PRERECORD"  IS '게임정보';
--------------------------------------------------------
--  DDL for Table RANKRATING
--------------------------------------------------------

  CREATE TABLE "NEXTROOM"."RANKRATING" 
   (	"USERNO" NUMBER, 
	"USERRATING" NUMBER, 
	"WINRATE" NUMBER, 
	"NOHINTWINRATE" NUMBER, 
	"SHOWAVGCLEARTIME" VARCHAR2(30 BYTE), 
	"GAMEHISTORY" VARCHAR2(50 BYTE)
   ) SEGMENT CREATION IMMEDIATE 
  PCTFREE 10 PCTUSED 40 INITRANS 1 MAXTRANS 255 NOCOMPRESS LOGGING
  STORAGE(INITIAL 65536 NEXT 1048576 MINEXTENTS 1 MAXEXTENTS 2147483645
  PCTINCREASE 0 FREELISTS 1 FREELIST GROUPS 1 BUFFER_POOL DEFAULT FLASH_CACHE DEFAULT CELL_FLASH_CACHE DEFAULT)
  TABLESPACE "SYSTEM" ;

   COMMENT ON COLUMN "NEXTROOM"."RANKRATING"."USERNO" IS '회원번호';
   COMMENT ON COLUMN "NEXTROOM"."RANKRATING"."USERRATING" IS '레이팅';
   COMMENT ON COLUMN "NEXTROOM"."RANKRATING"."WINRATE" IS '승률';
   COMMENT ON COLUMN "NEXTROOM"."RANKRATING"."NOHINTWINRATE" IS '노힌트승률';
   COMMENT ON COLUMN "NEXTROOM"."RANKRATING"."SHOWAVGCLEARTIME" IS '평균기록';
   COMMENT ON COLUMN "NEXTROOM"."RANKRATING"."GAMEHISTORY" IS '전적';
   COMMENT ON TABLE "NEXTROOM"."RANKRATING"  IS '레이팅';
--------------------------------------------------------
--  DDL for Table RECORD
--------------------------------------------------------

  CREATE TABLE "NEXTROOM"."RECORD" 
   (	"RECORDNO" NUMBER, 
	"GAMENO" NUMBER, 
	"USERNO" NUMBER, 
	"RECORDTIME" NUMBER, 
	"RECORDHINTS" NUMBER, 
	"RECORDCLEAR" VARCHAR2(20 BYTE)
   ) SEGMENT CREATION IMMEDIATE 
  PCTFREE 10 PCTUSED 40 INITRANS 1 MAXTRANS 255 NOCOMPRESS LOGGING
  STORAGE(INITIAL 65536 NEXT 1048576 MINEXTENTS 1 MAXEXTENTS 2147483645
  PCTINCREASE 0 FREELISTS 1 FREELIST GROUPS 1 BUFFER_POOL DEFAULT FLASH_CACHE DEFAULT CELL_FLASH_CACHE DEFAULT)
  TABLESPACE "SYSTEM" ;

   COMMENT ON COLUMN "NEXTROOM"."RECORD"."RECORDNO" IS '경기기록번호';
   COMMENT ON COLUMN "NEXTROOM"."RECORD"."GAMENO" IS '게임번호';
   COMMENT ON COLUMN "NEXTROOM"."RECORD"."USERNO" IS '회원번호';
   COMMENT ON COLUMN "NEXTROOM"."RECORD"."RECORDTIME" IS '기록시간';
   COMMENT ON COLUMN "NEXTROOM"."RECORD"."RECORDHINTS" IS '힌트수';
   COMMENT ON COLUMN "NEXTROOM"."RECORD"."RECORDCLEAR" IS '성공여부';
   COMMENT ON TABLE "NEXTROOM"."RECORD"  IS '개인별경기기록';
--------------------------------------------------------
--  DDL for Table RESERVE
--------------------------------------------------------

  CREATE TABLE "NEXTROOM"."RESERVE" 
   (	"RESERVENO" NUMBER, 
	"RESERVETIMENO" NUMBER, 
	"USERNO" NUMBER, 
	"RESERVENAME" VARCHAR2(20 BYTE), 
	"RESERVEHP" VARCHAR2(20 BYTE), 
	"PAYMENT" VARCHAR2(20 BYTE), 
	"RESERVEPERSON" NUMBER, 
	"PAYMENTSTATE" NUMBER
   ) SEGMENT CREATION IMMEDIATE 
  PCTFREE 10 PCTUSED 40 INITRANS 1 MAXTRANS 255 NOCOMPRESS LOGGING
  STORAGE(INITIAL 65536 NEXT 1048576 MINEXTENTS 1 MAXEXTENTS 2147483645
  PCTINCREASE 0 FREELISTS 1 FREELIST GROUPS 1 BUFFER_POOL DEFAULT FLASH_CACHE DEFAULT CELL_FLASH_CACHE DEFAULT)
  TABLESPACE "SYSTEM" ;

   COMMENT ON COLUMN "NEXTROOM"."RESERVE"."RESERVENO" IS '예약번호';
   COMMENT ON COLUMN "NEXTROOM"."RESERVE"."RESERVETIMENO" IS '예약시간번호';
   COMMENT ON COLUMN "NEXTROOM"."RESERVE"."USERNO" IS '예악하는 계정의 회원번호';
   COMMENT ON COLUMN "NEXTROOM"."RESERVE"."RESERVENAME" IS '예약자이름';
   COMMENT ON COLUMN "NEXTROOM"."RESERVE"."RESERVEHP" IS '핸드폰번호';
   COMMENT ON COLUMN "NEXTROOM"."RESERVE"."PAYMENT" IS '결제금액';
   COMMENT ON COLUMN "NEXTROOM"."RESERVE"."RESERVEPERSON" IS '예약인원';
   COMMENT ON COLUMN "NEXTROOM"."RESERVE"."PAYMENTSTATE" IS '결제상태';
   COMMENT ON TABLE "NEXTROOM"."RESERVE"  IS '예약정보';
--------------------------------------------------------
--  DDL for Table RESERVEDATE
--------------------------------------------------------

  CREATE TABLE "NEXTROOM"."RESERVEDATE" 
   (	"RESERVEDATENO" NUMBER, 
	"THEMENO" NUMBER, 
	"RESERVEDATE" DATE
   ) SEGMENT CREATION IMMEDIATE 
  PCTFREE 10 PCTUSED 40 INITRANS 1 MAXTRANS 255 NOCOMPRESS LOGGING
  STORAGE(INITIAL 65536 NEXT 1048576 MINEXTENTS 1 MAXEXTENTS 2147483645
  PCTINCREASE 0 FREELISTS 1 FREELIST GROUPS 1 BUFFER_POOL DEFAULT FLASH_CACHE DEFAULT CELL_FLASH_CACHE DEFAULT)
  TABLESPACE "SYSTEM" ;

   COMMENT ON COLUMN "NEXTROOM"."RESERVEDATE"."RESERVEDATENO" IS '예약날짜번호';
   COMMENT ON COLUMN "NEXTROOM"."RESERVEDATE"."THEMENO" IS '테마번호';
   COMMENT ON COLUMN "NEXTROOM"."RESERVEDATE"."RESERVEDATE" IS '예약날짜';
   COMMENT ON TABLE "NEXTROOM"."RESERVEDATE"  IS '예약날짜';
--------------------------------------------------------
--  DDL for Table RESERVEPEOPLE
--------------------------------------------------------

  CREATE TABLE "NEXTROOM"."RESERVEPEOPLE" 
   (	"RESERVEMEMBERNO" NUMBER, 
	"RESERVENO" NUMBER, 
	"USERNO" NUMBER
   ) SEGMENT CREATION IMMEDIATE 
  PCTFREE 10 PCTUSED 40 INITRANS 1 MAXTRANS 255 NOCOMPRESS LOGGING
  STORAGE(INITIAL 65536 NEXT 1048576 MINEXTENTS 1 MAXEXTENTS 2147483645
  PCTINCREASE 0 FREELISTS 1 FREELIST GROUPS 1 BUFFER_POOL DEFAULT FLASH_CACHE DEFAULT CELL_FLASH_CACHE DEFAULT)
  TABLESPACE "SYSTEM" ;

   COMMENT ON COLUMN "NEXTROOM"."RESERVEPEOPLE"."RESERVEMEMBERNO" IS '예약맴버번호';
   COMMENT ON COLUMN "NEXTROOM"."RESERVEPEOPLE"."RESERVENO" IS '예약번호';
   COMMENT ON COLUMN "NEXTROOM"."RESERVEPEOPLE"."USERNO" IS '회원번호';
   COMMENT ON TABLE "NEXTROOM"."RESERVEPEOPLE"  IS '예약회원';
--------------------------------------------------------
--  DDL for Table RESERVETIME
--------------------------------------------------------

  CREATE TABLE "NEXTROOM"."RESERVETIME" 
   (	"RESERVETIMENO" NUMBER, 
	"RESERVEDATENO" NUMBER, 
	"RESERVETIME" VARCHAR2(20 BYTE), 
	"RESERVESTATE" NUMBER
   ) SEGMENT CREATION IMMEDIATE 
  PCTFREE 10 PCTUSED 40 INITRANS 1 MAXTRANS 255 NOCOMPRESS LOGGING
  STORAGE(INITIAL 65536 NEXT 1048576 MINEXTENTS 1 MAXEXTENTS 2147483645
  PCTINCREASE 0 FREELISTS 1 FREELIST GROUPS 1 BUFFER_POOL DEFAULT FLASH_CACHE DEFAULT CELL_FLASH_CACHE DEFAULT)
  TABLESPACE "SYSTEM" ;

   COMMENT ON COLUMN "NEXTROOM"."RESERVETIME"."RESERVETIMENO" IS '예약시간번호';
   COMMENT ON COLUMN "NEXTROOM"."RESERVETIME"."RESERVEDATENO" IS '예약날짜번호';
   COMMENT ON COLUMN "NEXTROOM"."RESERVETIME"."RESERVETIME" IS '예약시간';
   COMMENT ON COLUMN "NEXTROOM"."RESERVETIME"."RESERVESTATE" IS '업체예약상태표시용';
   COMMENT ON TABLE "NEXTROOM"."RESERVETIME"  IS '예약시간';
--------------------------------------------------------
--  DDL for Table REVIEW
--------------------------------------------------------

  CREATE TABLE "NEXTROOM"."REVIEW" 
   (	"REVIEWNO" NUMBER, 
	"THEMENO" NUMBER, 
	"USERNO" NUMBER, 
	"FEELLEVEL" NUMBER, 
	"RATING" NUMBER, 
	"RECTIME" NUMBER, 
	"REVIEWHINTS" NUMBER, 
	"REVIEWCLEAR" VARCHAR2(20 BYTE), 
	"MEMBERNUM" NUMBER, 
	"PLAYDATE" DATE, 
	"REVIEWREGDATE" DATE, 
	"REVIEWLIKE" NUMBER, 
	"REVIEWTITLE" VARCHAR2(200 BYTE), 
	"REVIEWCONTENT" VARCHAR2(2000 BYTE), 
	"REVIEWHIT" NUMBER, 
	"REVIEWIMG" VARCHAR2(200 BYTE)
   ) SEGMENT CREATION IMMEDIATE 
  PCTFREE 10 PCTUSED 40 INITRANS 1 MAXTRANS 255 NOCOMPRESS LOGGING
  STORAGE(INITIAL 65536 NEXT 1048576 MINEXTENTS 1 MAXEXTENTS 2147483645
  PCTINCREASE 0 FREELISTS 1 FREELIST GROUPS 1 BUFFER_POOL DEFAULT FLASH_CACHE DEFAULT CELL_FLASH_CACHE DEFAULT)
  TABLESPACE "SYSTEM" ;

   COMMENT ON COLUMN "NEXTROOM"."REVIEW"."REVIEWNO" IS '후기게시판번호';
   COMMENT ON COLUMN "NEXTROOM"."REVIEW"."THEMENO" IS '테마번호';
   COMMENT ON COLUMN "NEXTROOM"."REVIEW"."USERNO" IS '회원번호';
   COMMENT ON COLUMN "NEXTROOM"."REVIEW"."FEELLEVEL" IS '체감난이도';
   COMMENT ON COLUMN "NEXTROOM"."REVIEW"."RATING" IS '별점';
   COMMENT ON COLUMN "NEXTROOM"."REVIEW"."RECTIME" IS '기록시간';
   COMMENT ON COLUMN "NEXTROOM"."REVIEW"."REVIEWHINTS" IS '힌트수';
   COMMENT ON COLUMN "NEXTROOM"."REVIEW"."REVIEWCLEAR" IS '성공여부';
   COMMENT ON COLUMN "NEXTROOM"."REVIEW"."MEMBERNUM" IS '인원수';
   COMMENT ON COLUMN "NEXTROOM"."REVIEW"."PLAYDATE" IS '게임날짜';
   COMMENT ON COLUMN "NEXTROOM"."REVIEW"."REVIEWREGDATE" IS '작성일';
   COMMENT ON COLUMN "NEXTROOM"."REVIEW"."REVIEWLIKE" IS '추천수';
   COMMENT ON COLUMN "NEXTROOM"."REVIEW"."REVIEWTITLE" IS '제목';
   COMMENT ON COLUMN "NEXTROOM"."REVIEW"."REVIEWCONTENT" IS '컨텐츠';
   COMMENT ON COLUMN "NEXTROOM"."REVIEW"."REVIEWHIT" IS '조회수';
   COMMENT ON COLUMN "NEXTROOM"."REVIEW"."REVIEWIMG" IS '후기이미지';
   COMMENT ON TABLE "NEXTROOM"."REVIEW"  IS '후기게시판';
--------------------------------------------------------
--  DDL for Table REVIEWCOMMENT
--------------------------------------------------------

  CREATE TABLE "NEXTROOM"."REVIEWCOMMENT" 
   (	"COMMENTNO" NUMBER, 
	"REVIEWNO" NUMBER, 
	"USERNO" NUMBER, 
	"COMMENTCONTENT" VARCHAR2(500 BYTE), 
	"COMMENTDATE" DATE
   ) SEGMENT CREATION IMMEDIATE 
  PCTFREE 10 PCTUSED 40 INITRANS 1 MAXTRANS 255 NOCOMPRESS LOGGING
  STORAGE(INITIAL 65536 NEXT 1048576 MINEXTENTS 1 MAXEXTENTS 2147483645
  PCTINCREASE 0 FREELISTS 1 FREELIST GROUPS 1 BUFFER_POOL DEFAULT FLASH_CACHE DEFAULT CELL_FLASH_CACHE DEFAULT)
  TABLESPACE "SYSTEM" ;

   COMMENT ON COLUMN "NEXTROOM"."REVIEWCOMMENT"."COMMENTNO" IS '댓글번호';
   COMMENT ON COLUMN "NEXTROOM"."REVIEWCOMMENT"."REVIEWNO" IS '후기게시판번호';
   COMMENT ON COLUMN "NEXTROOM"."REVIEWCOMMENT"."USERNO" IS '회원번호';
   COMMENT ON COLUMN "NEXTROOM"."REVIEWCOMMENT"."COMMENTCONTENT" IS '댓글컨텐츠';
   COMMENT ON COLUMN "NEXTROOM"."REVIEWCOMMENT"."COMMENTDATE" IS '댓글 작성일';
   COMMENT ON TABLE "NEXTROOM"."REVIEWCOMMENT"  IS '후기 댓글';
--------------------------------------------------------
--  DDL for Table THEME
--------------------------------------------------------

  CREATE TABLE "NEXTROOM"."THEME" 
   (	"THEMENO" NUMBER, 
	"CAFENO" NUMBER, 
	"THEMENAME" VARCHAR2(50 BYTE), 
	"THEMEIMG" VARCHAR2(200 BYTE), 
	"JENRE" VARCHAR2(20 BYTE), 
	"LEVELS" NUMBER, 
	"THEMETYPE" VARCHAR2(50 BYTE), 
	"PLAYTIME" NUMBER, 
	"ACTIVITY" VARCHAR2(20 BYTE), 
	"THEMEINTRO" VARCHAR2(2000 BYTE), 
	"PRECOMMENDMIN" VARCHAR2(20 BYTE), 
	"PRECOMMENDMAX" VARCHAR2(20 BYTE), 
	"PMIN" NUMBER, 
	"PMAX" NUMBER, 
	"STATE" VARCHAR2(20 BYTE)
   ) SEGMENT CREATION IMMEDIATE 
  PCTFREE 10 PCTUSED 40 INITRANS 1 MAXTRANS 255 NOCOMPRESS LOGGING
  STORAGE(INITIAL 65536 NEXT 1048576 MINEXTENTS 1 MAXEXTENTS 2147483645
  PCTINCREASE 0 FREELISTS 1 FREELIST GROUPS 1 BUFFER_POOL DEFAULT FLASH_CACHE DEFAULT CELL_FLASH_CACHE DEFAULT)
  TABLESPACE "SYSTEM" ;

   COMMENT ON COLUMN "NEXTROOM"."THEME"."THEMENO" IS '테마번호';
   COMMENT ON COLUMN "NEXTROOM"."THEME"."CAFENO" IS '카페번호';
   COMMENT ON COLUMN "NEXTROOM"."THEME"."THEMENAME" IS '테마이름';
   COMMENT ON COLUMN "NEXTROOM"."THEME"."THEMEIMG" IS '테마포스터';
   COMMENT ON COLUMN "NEXTROOM"."THEME"."JENRE" IS '테마장르';
   COMMENT ON COLUMN "NEXTROOM"."THEME"."LEVELS" IS '테마난이도';
   COMMENT ON COLUMN "NEXTROOM"."THEME"."THEMETYPE" IS '테마유형';
   COMMENT ON COLUMN "NEXTROOM"."THEME"."PLAYTIME" IS '플레이타임';
   COMMENT ON COLUMN "NEXTROOM"."THEME"."ACTIVITY" IS '테마활동성';
   COMMENT ON COLUMN "NEXTROOM"."THEME"."THEMEINTRO" IS '테마소개';
   COMMENT ON COLUMN "NEXTROOM"."THEME"."PRECOMMENDMIN" IS '최소추천인원';
   COMMENT ON COLUMN "NEXTROOM"."THEME"."PRECOMMENDMAX" IS '최대추천인원';
   COMMENT ON COLUMN "NEXTROOM"."THEME"."PMIN" IS '최소인원';
   COMMENT ON COLUMN "NEXTROOM"."THEME"."PMAX" IS '최대인원';
   COMMENT ON COLUMN "NEXTROOM"."THEME"."STATE" IS '현재상태';
   COMMENT ON TABLE "NEXTROOM"."THEME"  IS '테마';
--------------------------------------------------------
--  DDL for Table THEMEPRICE
--------------------------------------------------------

  CREATE TABLE "NEXTROOM"."THEMEPRICE" 
   (	"THEMENO" NUMBER, 
	"HEADCOUNT" NUMBER, 
	"PRICE" NUMBER
   ) SEGMENT CREATION IMMEDIATE 
  PCTFREE 10 PCTUSED 40 INITRANS 1 MAXTRANS 255 NOCOMPRESS LOGGING
  STORAGE(INITIAL 65536 NEXT 1048576 MINEXTENTS 1 MAXEXTENTS 2147483645
  PCTINCREASE 0 FREELISTS 1 FREELIST GROUPS 1 BUFFER_POOL DEFAULT FLASH_CACHE DEFAULT CELL_FLASH_CACHE DEFAULT)
  TABLESPACE "SYSTEM" ;

   COMMENT ON COLUMN "NEXTROOM"."THEMEPRICE"."THEMENO" IS '테마번호';
   COMMENT ON COLUMN "NEXTROOM"."THEMEPRICE"."HEADCOUNT" IS '인원';
   COMMENT ON COLUMN "NEXTROOM"."THEMEPRICE"."PRICE" IS '가격';
   COMMENT ON TABLE "NEXTROOM"."THEMEPRICE"  IS '테마별가격';
--------------------------------------------------------
--  DDL for Table THEMETIME
--------------------------------------------------------

  CREATE TABLE "NEXTROOM"."THEMETIME" 
   (	"THEMETIMENO" NUMBER, 
	"THEMENO" NUMBER, 
	"THEMETIME" VARCHAR2(30 BYTE)
   ) SEGMENT CREATION IMMEDIATE 
  PCTFREE 10 PCTUSED 40 INITRANS 1 MAXTRANS 255 NOCOMPRESS LOGGING
  STORAGE(INITIAL 65536 NEXT 1048576 MINEXTENTS 1 MAXEXTENTS 2147483645
  PCTINCREASE 0 FREELISTS 1 FREELIST GROUPS 1 BUFFER_POOL DEFAULT FLASH_CACHE DEFAULT CELL_FLASH_CACHE DEFAULT)
  TABLESPACE "SYSTEM" ;

   COMMENT ON COLUMN "NEXTROOM"."THEMETIME"."THEMETIMENO" IS '시간번호';
   COMMENT ON COLUMN "NEXTROOM"."THEMETIME"."THEMENO" IS '테마번호';
   COMMENT ON COLUMN "NEXTROOM"."THEMETIME"."THEMETIME" IS '가능시간';
   COMMENT ON TABLE "NEXTROOM"."THEMETIME"  IS '새 테이블5';
--------------------------------------------------------
--  DDL for Table THMEPRICE
--------------------------------------------------------

  CREATE TABLE "NEXTROOM"."THMEPRICE" 
   (	"THEMENO" NUMBER, 
	"HEADCOUNT" NUMBER, 
	"PRICE" NUMBER
   ) SEGMENT CREATION IMMEDIATE 
  PCTFREE 10 PCTUSED 40 INITRANS 1 MAXTRANS 255 NOCOMPRESS LOGGING
  STORAGE(INITIAL 65536 NEXT 1048576 MINEXTENTS 1 MAXEXTENTS 2147483645
  PCTINCREASE 0 FREELISTS 1 FREELIST GROUPS 1 BUFFER_POOL DEFAULT FLASH_CACHE DEFAULT CELL_FLASH_CACHE DEFAULT)
  TABLESPACE "SYSTEM" ;

   COMMENT ON COLUMN "NEXTROOM"."THMEPRICE"."THEMENO" IS '테마번호';
   COMMENT ON COLUMN "NEXTROOM"."THMEPRICE"."HEADCOUNT" IS '인원';
   COMMENT ON COLUMN "NEXTROOM"."THMEPRICE"."PRICE" IS '가격';
   COMMENT ON TABLE "NEXTROOM"."THMEPRICE"  IS '테마별가격';
--------------------------------------------------------
--  DDL for Table USERS
--------------------------------------------------------

  CREATE TABLE "NEXTROOM"."USERS" 
   (	"USERNO" NUMBER, 
	"ID" VARCHAR2(20 BYTE), 
	"PASSWORD" VARCHAR2(50 BYTE), 
	"USERNAME" VARCHAR2(20 BYTE), 
	"USERHP" VARCHAR2(20 BYTE), 
	"EMAIL" VARCHAR2(50 BYTE), 
	"NICKNAME" VARCHAR2(20 BYTE), 
	"USERTYPE" VARCHAR2(20 BYTE)
   ) SEGMENT CREATION IMMEDIATE 
  PCTFREE 10 PCTUSED 40 INITRANS 1 MAXTRANS 255 NOCOMPRESS LOGGING
  STORAGE(INITIAL 65536 NEXT 1048576 MINEXTENTS 1 MAXEXTENTS 2147483645
  PCTINCREASE 0 FREELISTS 1 FREELIST GROUPS 1 BUFFER_POOL DEFAULT FLASH_CACHE DEFAULT CELL_FLASH_CACHE DEFAULT)
  TABLESPACE "SYSTEM" ;

   COMMENT ON COLUMN "NEXTROOM"."USERS"."USERNO" IS '회원번호';
   COMMENT ON COLUMN "NEXTROOM"."USERS"."ID" IS '아이디';
   COMMENT ON COLUMN "NEXTROOM"."USERS"."PASSWORD" IS '비밀번호';
   COMMENT ON COLUMN "NEXTROOM"."USERS"."USERNAME" IS '이름';
   COMMENT ON COLUMN "NEXTROOM"."USERS"."USERHP" IS '전화번호';
   COMMENT ON COLUMN "NEXTROOM"."USERS"."EMAIL" IS '이메일';
   COMMENT ON COLUMN "NEXTROOM"."USERS"."NICKNAME" IS '닉네임';
   COMMENT ON COLUMN "NEXTROOM"."USERS"."USERTYPE" IS '유저타입(일반 사용자, 업체관리자)';
   COMMENT ON TABLE "NEXTROOM"."USERS"  IS 'user';
--------------------------------------------------------
--  DDL for Table BOARDCOMMENT
--------------------------------------------------------

  CREATE TABLE "NEXTROOM"."BOARDCOMMENT" 
   (	"COMMENTNO" NUMBER, 
	"BOARDNO" NUMBER, 
	"USERNO" NUMBER, 
	"COMMENTCONTENT" VARCHAR2(500 BYTE), 
	"COMMENTDATE" DATE
   ) SEGMENT CREATION IMMEDIATE 
  PCTFREE 10 PCTUSED 40 INITRANS 1 MAXTRANS 255 NOCOMPRESS LOGGING
  STORAGE(INITIAL 65536 NEXT 1048576 MINEXTENTS 1 MAXEXTENTS 2147483645
  PCTINCREASE 0 FREELISTS 1 FREELIST GROUPS 1 BUFFER_POOL DEFAULT FLASH_CACHE DEFAULT CELL_FLASH_CACHE DEFAULT)
  TABLESPACE "SYSTEM" ;

   COMMENT ON COLUMN "NEXTROOM"."BOARDCOMMENT"."COMMENTNO" IS '댓글번호';
   COMMENT ON COLUMN "NEXTROOM"."BOARDCOMMENT"."BOARDNO" IS '자유게시판 번호';
   COMMENT ON COLUMN "NEXTROOM"."BOARDCOMMENT"."USERNO" IS '회원번호';
   COMMENT ON COLUMN "NEXTROOM"."BOARDCOMMENT"."COMMENTCONTENT" IS '댓글내용';
   COMMENT ON COLUMN "NEXTROOM"."BOARDCOMMENT"."COMMENTDATE" IS '댓글작성일';
   COMMENT ON TABLE "NEXTROOM"."BOARDCOMMENT"  IS '자유게시판 댓글';
--------------------------------------------------------
--  각종 insert etc...
--------------------------------------------------------
REM INSERTING into NEXTROOM.CAFE
SET DEFINE OFF;
Insert into NEXTROOM.CAFE (CAFENO,USERNO,CAFENAME,CAFEHP,OPENTIME,CLOSETIME,CAFEINTRO,URL,CAFEIMG,POSTCODE,ADDRESS,ADDRESSDETAIL,PRINTADDRESS,SIDO,SIGUNGU,SIDODETAIL,LATITUDE,LONGITUDE,STATE) values (3,4,'카페4','02-0000-0000','09:00','24:00','소개글4','https://www.nextedition.co.kr/','cafe0003.jpg','12345','카페기본주소4','카페상세주소4','카페출력주소4','서울','광진구','건대','12.34','56.78','available');
Insert into NEXTROOM.CAFE (CAFENO,USERNO,CAFENAME,CAFEHP,OPENTIME,CLOSETIME,CAFEINTRO,URL,CAFEIMG,POSTCODE,ADDRESS,ADDRESSDETAIL,PRINTADDRESS,SIDO,SIGUNGU,SIDODETAIL,LATITUDE,LONGITUDE,STATE) values (1,1,'카페1','02-0000-0000','09:00','24:00','소개글1','https://www.nextedition.co.kr/','cafe0001.jpg','12345','카페기본주소1','카페상세주소1','카페출력주소1','서울','강남구','강남','12.34','56.78','available');
Insert into NEXTROOM.CAFE (CAFENO,USERNO,CAFENAME,CAFEHP,OPENTIME,CLOSETIME,CAFEINTRO,URL,CAFEIMG,POSTCODE,ADDRESS,ADDRESSDETAIL,PRINTADDRESS,SIDO,SIGUNGU,SIDODETAIL,LATITUDE,LONGITUDE,STATE) values (2,2,'카페2','02-0000-0000','09:00','24:00','소개글2','https://www.nextedition.co.kr/','cafe0002.jpg','12345','카페기본주소2','카페상세주소2','카페출력주소2','서울','구로구','서울(기타)','12.34','56.78','available');
Insert into NEXTROOM.CAFE (CAFENO,USERNO,CAFENAME,CAFEHP,OPENTIME,CLOSETIME,CAFEINTRO,URL,CAFEIMG,POSTCODE,ADDRESS,ADDRESSDETAIL,PRINTADDRESS,SIDO,SIGUNGU,SIDODETAIL,LATITUDE,LONGITUDE,STATE) values (5,6,'카페3','02-000-0000','12:59','11:59','소개글','https://www.nextedition.co.kr/','cafe0004.jpg','06000','서울 강남구 강남대로 708','ㅇ','서울 강남구 강남대로 708 ㅇ','서울','강남구','강남','127.015932849772','37.5244402561831','available');
Insert into NEXTROOM.CAFE (CAFENO,USERNO,CAFENAME,CAFEHP,OPENTIME,CLOSETIME,CAFEINTRO,URL,CAFEIMG,POSTCODE,ADDRESS,ADDRESSDETAIL,PRINTADDRESS,SIDO,SIGUNGU,SIDODETAIL,LATITUDE,LONGITUDE,STATE) values (6,7,'테스트1','02-000-0000','01:00','12:59','소개글','https://www.nextedition.co.kr/','cafe0005.jpg','06027','서울 강남구 압구정로 102','ㄴㅇㄹ','서울 강남구 압구정로 102 ㄴㅇㄹ','서울','강남구','강남','127.019676679097','37.5223660344626','available');
Insert into NEXTROOM.CAFE (CAFENO,USERNO,CAFENAME,CAFEHP,OPENTIME,CLOSETIME,CAFEINTRO,URL,CAFEIMG,POSTCODE,ADDRESS,ADDRESSDETAIL,PRINTADDRESS,SIDO,SIGUNGU,SIDODETAIL,LATITUDE,LONGITUDE,STATE) values (7,8,'테스트2','02-000-0000','01:00','12:59','소개글','https://www.nextedition.co.kr/','cafe0006.jpg','05408','서울 강동구 양재대로 1299','ㅇㅇ','서울 강동구 양재대로 1299 ㅇㅇ','서울','강동구','서울(기타)','127.133676366013','37.5224818664459','available');
Insert into NEXTROOM.CAFE (CAFENO,USERNO,CAFENAME,CAFEHP,OPENTIME,CLOSETIME,CAFEINTRO,URL,CAFEIMG,POSTCODE,ADDRESS,ADDRESSDETAIL,PRINTADDRESS,SIDO,SIGUNGU,SIDODETAIL,LATITUDE,LONGITUDE,STATE) values (41,7,'일산카페','010-0000-0000','00:00','00:01','인트로','https://www.nextedition.co.kr/','cafe0016.jpg','00000','주소','상세주소','출력주소','경기도','일산시','일산','123123','123123','available');
Insert into NEXTROOM.CAFE (CAFENO,USERNO,CAFENAME,CAFEHP,OPENTIME,CLOSETIME,CAFEINTRO,URL,CAFEIMG,POSTCODE,ADDRESS,ADDRESSDETAIL,PRINTADDRESS,SIDO,SIGUNGU,SIDODETAIL,LATITUDE,LONGITUDE,STATE) values (42,7,'수원카페','010-0000-0000','00:00','00:01','인트로','https://www.nextedition.co.kr/','cafe0017.jpg','00000','주소','상세주소','출력주소','경기도','수원시','수원','123123','123123','available');
Insert into NEXTROOM.CAFE (CAFENO,USERNO,CAFENAME,CAFEHP,OPENTIME,CLOSETIME,CAFEINTRO,URL,CAFEIMG,POSTCODE,ADDRESS,ADDRESSDETAIL,PRINTADDRESS,SIDO,SIGUNGU,SIDODETAIL,LATITUDE,LONGITUDE,STATE) values (43,7,'안양카페','010-0000-0000','00:00','00:01','인트로','https://www.nextedition.co.kr/','cafe0018.jpg','00000','주소','상세주소','출력주소','경기도','안양시','안양','123123','123123','available');
Insert into NEXTROOM.CAFE (CAFENO,USERNO,CAFENAME,CAFEHP,OPENTIME,CLOSETIME,CAFEINTRO,URL,CAFEIMG,POSTCODE,ADDRESS,ADDRESSDETAIL,PRINTADDRESS,SIDO,SIGUNGU,SIDODETAIL,LATITUDE,LONGITUDE,STATE) values (44,7,'경기(기타)카페','010-0000-0000','00:00','00:01','인트로','https://www.nextedition.co.kr/','cafe0019.jpg','00000','주소','상세주소','출력주소','경기도','구리시','경기(기타)','123123','123123','available');
Insert into NEXTROOM.CAFE (CAFENO,USERNO,CAFENAME,CAFEHP,OPENTIME,CLOSETIME,CAFEINTRO,URL,CAFEIMG,POSTCODE,ADDRESS,ADDRESSDETAIL,PRINTADDRESS,SIDO,SIGUNGU,SIDODETAIL,LATITUDE,LONGITUDE,STATE) values (45,7,'인천카페','010-0000-0000','00:00','00:01','인트로','https://www.nextedition.co.kr/','cafe0020.jpg','00000','주소','상세주소','출력주소','인천광역시','남구','인천','123123','123123','available');
Insert into NEXTROOM.CAFE (CAFENO,USERNO,CAFENAME,CAFEHP,OPENTIME,CLOSETIME,CAFEINTRO,URL,CAFEIMG,POSTCODE,ADDRESS,ADDRESSDETAIL,PRINTADDRESS,SIDO,SIGUNGU,SIDODETAIL,LATITUDE,LONGITUDE,STATE) values (46,7,'강원카페','010-0000-0000','00:00','00:01','인트로','https://www.nextedition.co.kr/','cafe0021.jpg','00000','주소','상세주소','출력주소','강원도','동해시','강원','123123','123123','available');
Insert into NEXTROOM.CAFE (CAFENO,USERNO,CAFENAME,CAFEHP,OPENTIME,CLOSETIME,CAFEINTRO,URL,CAFEIMG,POSTCODE,ADDRESS,ADDRESSDETAIL,PRINTADDRESS,SIDO,SIGUNGU,SIDODETAIL,LATITUDE,LONGITUDE,STATE) values (47,7,'대전카페','010-0000-0000','00:00','00:01','인트로','https://www.nextedition.co.kr/','cafe0022.jpg','00000','주소','상세주소','출력주소','대전광역시','무슨구','대전','123123','123123','available');
Insert into NEXTROOM.CAFE (CAFENO,USERNO,CAFENAME,CAFEHP,OPENTIME,CLOSETIME,CAFEINTRO,URL,CAFEIMG,POSTCODE,ADDRESS,ADDRESSDETAIL,PRINTADDRESS,SIDO,SIGUNGU,SIDODETAIL,LATITUDE,LONGITUDE,STATE) values (48,7,'천안카페','010-0000-0000','00:00','00:01','인트로','https://www.nextedition.co.kr/','cafe0023.jpg','00000','주소','상세주소','출력주소','충청북도','천안시','천안','123123','123123','available');
Insert into NEXTROOM.CAFE (CAFENO,USERNO,CAFENAME,CAFEHP,OPENTIME,CLOSETIME,CAFEINTRO,URL,CAFEIMG,POSTCODE,ADDRESS,ADDRESSDETAIL,PRINTADDRESS,SIDO,SIGUNGU,SIDODETAIL,LATITUDE,LONGITUDE,STATE) values (49,7,'청주카페','010-0000-0000','00:00','00:01','인트로','https://www.nextedition.co.kr/','cafe0024.jpg','00000','주소','상세주소','출력주소','충청북도','청주시','청주','123123','123123','available');
Insert into NEXTROOM.CAFE (CAFENO,USERNO,CAFENAME,CAFEHP,OPENTIME,CLOSETIME,CAFEINTRO,URL,CAFEIMG,POSTCODE,ADDRESS,ADDRESSDETAIL,PRINTADDRESS,SIDO,SIGUNGU,SIDODETAIL,LATITUDE,LONGITUDE,STATE) values (50,7,'충청(기타)카페','010-0000-0000','00:00','00:01','인트로','https://www.nextedition.co.kr/','cafe0025.jpg','00000','주소','상세주소','출력주소','충청도','제천시','충청(기타)','123123','123123','available');
Insert into NEXTROOM.CAFE (CAFENO,USERNO,CAFENAME,CAFEHP,OPENTIME,CLOSETIME,CAFEINTRO,URL,CAFEIMG,POSTCODE,ADDRESS,ADDRESSDETAIL,PRINTADDRESS,SIDO,SIGUNGU,SIDODETAIL,LATITUDE,LONGITUDE,STATE) values (51,7,'대구카페','010-0000-0000','00:00','00:01','인트로','https://www.nextedition.co.kr/','cafe0026.jpg','00000','주소','상세주소','출력주소','대구광역시','무슨구','대구','123123','123123','available');
Insert into NEXTROOM.CAFE (CAFENO,USERNO,CAFENAME,CAFEHP,OPENTIME,CLOSETIME,CAFEINTRO,URL,CAFEIMG,POSTCODE,ADDRESS,ADDRESSDETAIL,PRINTADDRESS,SIDO,SIGUNGU,SIDODETAIL,LATITUDE,LONGITUDE,STATE) values (32,7,'홍대카페','010-0000-0000','00:00','00:01','인트로','https://www.nextedition.co.kr/','cafe0007.jpg','00000','주소','상세주소','출력주소','서울시','서대문구','홍대','123123','123123','available');
Insert into NEXTROOM.CAFE (CAFENO,USERNO,CAFENAME,CAFEHP,OPENTIME,CLOSETIME,CAFEINTRO,URL,CAFEIMG,POSTCODE,ADDRESS,ADDRESSDETAIL,PRINTADDRESS,SIDO,SIGUNGU,SIDODETAIL,LATITUDE,LONGITUDE,STATE) values (33,7,'강남카페','010-0000-0000','00:00','00:01','인트로','https://www.nextedition.co.kr/','cafe0008.jpg','00000','주소','상세주소','출력주소','서울시','강남구','강남','123123','123123','available');
Insert into NEXTROOM.CAFE (CAFENO,USERNO,CAFENAME,CAFEHP,OPENTIME,CLOSETIME,CAFEINTRO,URL,CAFEIMG,POSTCODE,ADDRESS,ADDRESSDETAIL,PRINTADDRESS,SIDO,SIGUNGU,SIDODETAIL,LATITUDE,LONGITUDE,STATE) values (34,7,'건대카페','010-0000-0000','00:00','00:01','인트로','https://www.nextedition.co.kr/','cafe0009.jpg','00000','주소','상세주소','출력주소','서울시','광진구','건대','123123','123123','available');
Insert into NEXTROOM.CAFE (CAFENO,USERNO,CAFENAME,CAFEHP,OPENTIME,CLOSETIME,CAFEINTRO,URL,CAFEIMG,POSTCODE,ADDRESS,ADDRESSDETAIL,PRINTADDRESS,SIDO,SIGUNGU,SIDODETAIL,LATITUDE,LONGITUDE,STATE) values (35,7,'홍대신촌카페','010-0000-0000','00:00','00:01','인트로','https://www.nextedition.co.kr/','cafe0010.jpg','00000','주소','상세주소','출력주소','서울시','서대문구','홍대&신촌','123123','123123','available');
Insert into NEXTROOM.CAFE (CAFENO,USERNO,CAFENAME,CAFEHP,OPENTIME,CLOSETIME,CAFEINTRO,URL,CAFEIMG,POSTCODE,ADDRESS,ADDRESSDETAIL,PRINTADDRESS,SIDO,SIGUNGU,SIDODETAIL,LATITUDE,LONGITUDE,STATE) values (36,7,'대학로카페','010-0000-0000','00:00','00:01','인트로','https://www.nextedition.co.kr/','cafe0011.jpg','00000','주소','상세주소','출력주소','서울시','서대문구','대학로','123123','123123','available');
Insert into NEXTROOM.CAFE (CAFENO,USERNO,CAFENAME,CAFEHP,OPENTIME,CLOSETIME,CAFEINTRO,URL,CAFEIMG,POSTCODE,ADDRESS,ADDRESSDETAIL,PRINTADDRESS,SIDO,SIGUNGU,SIDODETAIL,LATITUDE,LONGITUDE,STATE) values (37,7,'강북카페','010-0000-0000','00:00','00:01','인트로','https://www.nextedition.co.kr/','cafe0012.jpg','00000','주소','상세주소','출력주소','서울시','서대문구','강북','123123','123123','available');
Insert into NEXTROOM.CAFE (CAFENO,USERNO,CAFENAME,CAFEHP,OPENTIME,CLOSETIME,CAFEINTRO,URL,CAFEIMG,POSTCODE,ADDRESS,ADDRESSDETAIL,PRINTADDRESS,SIDO,SIGUNGU,SIDODETAIL,LATITUDE,LONGITUDE,STATE) values (38,7,'신림카페','010-0000-0000','00:00','00:01','인트로','https://www.nextedition.co.kr/','cafe0013.jpg','00000','주소','상세주소','출력주소','서울시','관악구','신림','123123','123123','available');
Insert into NEXTROOM.CAFE (CAFENO,USERNO,CAFENAME,CAFEHP,OPENTIME,CLOSETIME,CAFEINTRO,URL,CAFEIMG,POSTCODE,ADDRESS,ADDRESSDETAIL,PRINTADDRESS,SIDO,SIGUNGU,SIDODETAIL,LATITUDE,LONGITUDE,STATE) values (39,7,'서울(기타)카페','010-0000-0000','00:00','00:01','인트로','https://www.nextedition.co.kr/','cafe0014.jpg','00000','주소','상세주소','출력주소','서울시','노원구','서울(기타)','123123','123123','available');
Insert into NEXTROOM.CAFE (CAFENO,USERNO,CAFENAME,CAFEHP,OPENTIME,CLOSETIME,CAFEINTRO,URL,CAFEIMG,POSTCODE,ADDRESS,ADDRESSDETAIL,PRINTADDRESS,SIDO,SIGUNGU,SIDODETAIL,LATITUDE,LONGITUDE,STATE) values (40,7,'부천카페','010-0000-0000','00:00','00:01','인트로','https://www.nextedition.co.kr/','cafe0015.jpg','00000','주소','상세주소','출력주소','경기도','노원구','부천','123123','123123','available');
REM INSERTING into NEXTROOM.FREEBOARD
SET DEFINE OFF;
Insert into NEXTROOM.FREEBOARD (BOARDNO,USERNO,BOARDTITLE,BOARDCONTENT,REGDATE,BOARDHIT,BOARDLIKE,BOARDIMG) values (1,1,'자유게시판','내용',to_date('21/09/30','RR/MM/DD'),0,0,null);
Insert into NEXTROOM.FREEBOARD (BOARDNO,USERNO,BOARDTITLE,BOARDCONTENT,REGDATE,BOARDHIT,BOARDLIKE,BOARDIMG) values (2,2,'어떡해 벌써 12시','내용',to_date('21/09/30','RR/MM/DD'),1,0,null);
Insert into NEXTROOM.FREEBOARD (BOARDNO,USERNO,BOARDTITLE,BOARDCONTENT,REGDATE,BOARDHIT,BOARDLIKE,BOARDIMG) values (3,3,'벌써 12시네','내용',to_date('21/10/01','RR/MM/DD'),2,0,null);
Insert into NEXTROOM.FREEBOARD (BOARDNO,USERNO,BOARDTITLE,BOARDCONTENT,REGDATE,BOARDHIT,BOARDLIKE,BOARDIMG) values (4,4,'시간 엄청 잘가쥬?','내용',to_date('21/10/01','RR/MM/DD'),3,0,null);
Insert into NEXTROOM.FREEBOARD (BOARDNO,USERNO,BOARDTITLE,BOARDCONTENT,REGDATE,BOARDHIT,BOARDLIKE,BOARDIMG) values (5,5,'이 시간만 되면 야식 때리고 싶쥬?','내용',to_date('21/10/02','RR/MM/DD'),4,0,null);
Insert into NEXTROOM.FREEBOARD (BOARDNO,USERNO,BOARDTITLE,BOARDCONTENT,REGDATE,BOARDHIT,BOARDLIKE,BOARDIMG) values (6,1,'아름다워','내용',to_date('21/10/02','RR/MM/DD'),5,0,null);
Insert into NEXTROOM.FREEBOARD (BOARDNO,USERNO,BOARDTITLE,BOARDCONTENT,REGDATE,BOARDHIT,BOARDLIKE,BOARDIMG) values (7,2,'BAND','내용',to_date('21/10/03','RR/MM/DD'),6,0,null);
Insert into NEXTROOM.FREEBOARD (BOARDNO,USERNO,BOARDTITLE,BOARDCONTENT,REGDATE,BOARDHIT,BOARDLIKE,BOARDIMG) values (8,3,'selfmade Orange','내용',to_date('21/10/04','RR/MM/DD'),7,0,null);
Insert into NEXTROOM.FREEBOARD (BOARDNO,USERNO,BOARDTITLE,BOARDCONTENT,REGDATE,BOARDHIT,BOARDLIKE,BOARDIMG) values (9,4,'아이야','내용',to_date('21/10/05','RR/MM/DD'),8,0,null);
Insert into NEXTROOM.FREEBOARD (BOARDNO,USERNO,BOARDTITLE,BOARDCONTENT,REGDATE,BOARDHIT,BOARDLIKE,BOARDIMG) values (10,5,'wait for me','내용',to_date('21/10/06','RR/MM/DD'),9,0,null);
Insert into NEXTROOM.FREEBOARD (BOARDNO,USERNO,BOARDTITLE,BOARDCONTENT,REGDATE,BOARDHIT,BOARDLIKE,BOARDIMG) values (11,1,'Swoosh Flow','내용',to_date('21/10/07','RR/MM/DD'),12,0,null);
Insert into NEXTROOM.FREEBOARD (BOARDNO,USERNO,BOARDTITLE,BOARDCONTENT,REGDATE,BOARDHIT,BOARDLIKE,BOARDIMG) values (12,2,'Blue Moon','내용',to_date('21/10/08','RR/MM/DD'),11,0,null);
REM INSERTING into NEXTROOM.FREEBOARDIMG
SET DEFINE OFF;
REM INSERTING into NEXTROOM.GENRE
SET DEFINE OFF;
Insert into NEXTROOM.GENRE (GENRE) values ('스릴러');
Insert into NEXTROOM.GENRE (GENRE) values ('감성');
Insert into NEXTROOM.GENRE (GENRE) values ('로맨스');
Insert into NEXTROOM.GENRE (GENRE) values ('범죄');
Insert into NEXTROOM.GENRE (GENRE) values ('코미디');
Insert into NEXTROOM.GENRE (GENRE) values ('모험');
Insert into NEXTROOM.GENRE (GENRE) values ('판타지');
Insert into NEXTROOM.GENRE (GENRE) values ('공포');
Insert into NEXTROOM.GENRE (GENRE) values ('드라마');
Insert into NEXTROOM.GENRE (GENRE) values ('미스터리');
Insert into NEXTROOM.GENRE (GENRE) values ('아케이드');
Insert into NEXTROOM.GENRE (GENRE) values ('액션');
Insert into NEXTROOM.GENRE (GENRE) values ('야외');
Insert into NEXTROOM.GENRE (GENRE) values ('음악');
Insert into NEXTROOM.GENRE (GENRE) values ('잠입');
Insert into NEXTROOM.GENRE (GENRE) values ('역사');
Insert into NEXTROOM.GENRE (GENRE) values ('공상과학');
Insert into NEXTROOM.GENRE (GENRE) values ('?');
Insert into NEXTROOM.GENRE (GENRE) values ('19금');
Insert into NEXTROOM.GENRE (GENRE) values ('추리');
REM INSERTING into NEXTROOM.INTERIORIMG
SET DEFINE OFF;
Insert into NEXTROOM.INTERIORIMG (INTERIORNO,CAFENO,IMG) values (23,6,'1634270201430374f93d1-168a-4ec4-855b-b633fefedbc4.jpg');
Insert into NEXTROOM.INTERIORIMG (INTERIORNO,CAFENO,IMG) values (16,5,'163426745436962a9238f-0f06-4f3d-8791-6da478c967fc.jpg');
Insert into NEXTROOM.INTERIORIMG (INTERIORNO,CAFENO,IMG) values (17,5,'1634267454371a7d316f0-8ae8-4968-80e2-a26b02b465b3.jpg');
Insert into NEXTROOM.INTERIORIMG (INTERIORNO,CAFENO,IMG) values (18,5,'163426745437420b33806-420b-4fe0-851b-9ed125666a36.jpg');
Insert into NEXTROOM.INTERIORIMG (INTERIORNO,CAFENO,IMG) values (19,5,'1634267454376f2c0ad03-df4c-43d2-ba7d-343370bf2932.jpg');
Insert into NEXTROOM.INTERIORIMG (INTERIORNO,CAFENO,IMG) values (20,5,'1634267454378cc9c5f52-57cd-4914-bcc1-07c8baf11651.jpg');
Insert into NEXTROOM.INTERIORIMG (INTERIORNO,CAFENO,IMG) values (21,6,'163427020142619b2b9c8-9358-4bd7-b03f-cc0f7a6e3bde.jpg');
Insert into NEXTROOM.INTERIORIMG (INTERIORNO,CAFENO,IMG) values (22,6,'16342702014284da6f0c3-33da-4e61-8f67-ba94b1f84937.jpg');
Insert into NEXTROOM.INTERIORIMG (INTERIORNO,CAFENO,IMG) values (24,6,'1634270201432e776851e-abba-4866-843e-876dd2a75710.jpg');
Insert into NEXTROOM.INTERIORIMG (INTERIORNO,CAFENO,IMG) values (25,6,'1634270201434e57bfc24-9bd2-4ae1-93a2-3c35523a71f0.jpg');
Insert into NEXTROOM.INTERIORIMG (INTERIORNO,CAFENO,IMG) values (26,6,'1634270201436c3ef5f81-a576-45a6-ae0f-cef68b6bacad.jpg');
Insert into NEXTROOM.INTERIORIMG (INTERIORNO,CAFENO,IMG) values (27,6,'1634270201438fb85ed78-7d8a-439f-9741-af5c27ad469c.jpg');
Insert into NEXTROOM.INTERIORIMG (INTERIORNO,CAFENO,IMG) values (28,6,'16342702014400e170e6e-103d-4b44-8eaa-f830983fa08f.jpg');
Insert into NEXTROOM.INTERIORIMG (INTERIORNO,CAFENO,IMG) values (29,7,'16342739989311525fe5d-b79c-400c-8a68-72460a90d6f7.jpg');
Insert into NEXTROOM.INTERIORIMG (INTERIORNO,CAFENO,IMG) values (30,7,'1634273998933b616c48a-bf76-4cbc-91c5-99636dd6b2c5.jpg');
Insert into NEXTROOM.INTERIORIMG (INTERIORNO,CAFENO,IMG) values (31,7,'16342739989364ba8effd-8d5b-450f-a9a5-9d1d17ddead6.jpg');
Insert into NEXTROOM.INTERIORIMG (INTERIORNO,CAFENO,IMG) values (32,7,'1634273998938086dc501-8026-415d-adce-f79f7ef3c8cc.jpg');
Insert into NEXTROOM.INTERIORIMG (INTERIORNO,CAFENO,IMG) values (33,7,'16342739989407ffaf40f-8944-48be-abd5-0294ccd3317d.jpg');
REM INSERTING into NEXTROOM.PARTY
SET DEFINE OFF;
Insert into NEXTROOM.PARTY (PARTYNO,USERNO,RESERVEDATENO,RESERVEDATE,CAFENO,THEMENO,RESERVETIMENO,THEMETIME,THEMETIMENO,RESERVEPERSON,CONTENT,PARTYSTATE) values (1,null,null,to_date('21/10/13','RR/MM/DD'),2,1,null,'20:15',null,4,'d','모집중');
Insert into NEXTROOM.PARTY (PARTYNO,USERNO,RESERVEDATENO,RESERVEDATE,CAFENO,THEMENO,RESERVETIMENO,THEMETIME,THEMETIMENO,RESERVEPERSON,CONTENT,PARTYSTATE) values (2,2,null,to_date('21/10/15','RR/MM/DD'),2,1,null,'18:00',7,2,'idaksdfjsjafdl','모집완료');
REM INSERTING into NEXTROOM.PARTYAPPLICANT
SET DEFINE OFF;
REM INSERTING into NEXTROOM.PARTYDETAIL
SET DEFINE OFF;
Insert into NEXTROOM.PARTYDETAIL (PARTYNO,USERNO,USERSTATE) values (2,2,'1');
REM INSERTING into NEXTROOM.PRERECORD
SET DEFINE OFF;
Insert into NEXTROOM.PRERECORD (GAMENO,THEMENO,RESERVENO,REGDATE,TOTALPERSON,GAMESTATE) values (1,1,1,to_date('21/10/01','RR/MM/DD'),3,'진행중');
Insert into NEXTROOM.PRERECORD (GAMENO,THEMENO,RESERVENO,REGDATE,TOTALPERSON,GAMESTATE) values (2,1,2,to_date('21/10/01','RR/MM/DD'),4,'진행중');
Insert into NEXTROOM.PRERECORD (GAMENO,THEMENO,RESERVENO,REGDATE,TOTALPERSON,GAMESTATE) values (3,1,6,to_date('21/10/22','RR/MM/DD'),4,'진행중');
Insert into NEXTROOM.PRERECORD (GAMENO,THEMENO,RESERVENO,REGDATE,TOTALPERSON,GAMESTATE) values (4,1,1,to_date('21/10/22','RR/MM/DD'),4,'진행중');
Insert into NEXTROOM.PRERECORD (GAMENO,THEMENO,RESERVENO,REGDATE,TOTALPERSON,GAMESTATE) values (5,1,2,to_date('21/10/22','RR/MM/DD'),4,'진행중');
Insert into NEXTROOM.PRERECORD (GAMENO,THEMENO,RESERVENO,REGDATE,TOTALPERSON,GAMESTATE) values (6,1,6,to_date('21/10/22','RR/MM/DD'),4,'진행중');
REM INSERTING into NEXTROOM.RANKRATING
SET DEFINE OFF;
Insert into NEXTROOM.RANKRATING (USERNO,USERRATING,WINRATE,NOHINTWINRATE,SHOWAVGCLEARTIME,GAMEHISTORY) values (3,0,0,0,null,null);
Insert into NEXTROOM.RANKRATING (USERNO,USERRATING,WINRATE,NOHINTWINRATE,SHOWAVGCLEARTIME,GAMEHISTORY) values (1,0,0,0,null,null);
Insert into NEXTROOM.RANKRATING (USERNO,USERRATING,WINRATE,NOHINTWINRATE,SHOWAVGCLEARTIME,GAMEHISTORY) values (2,0,0,0,null,null);
Insert into NEXTROOM.RANKRATING (USERNO,USERRATING,WINRATE,NOHINTWINRATE,SHOWAVGCLEARTIME,GAMEHISTORY) values (4,0,0,0,null,null);
Insert into NEXTROOM.RANKRATING (USERNO,USERRATING,WINRATE,NOHINTWINRATE,SHOWAVGCLEARTIME,GAMEHISTORY) values (5,0,0,0,null,null);
Insert into NEXTROOM.RANKRATING (USERNO,USERRATING,WINRATE,NOHINTWINRATE,SHOWAVGCLEARTIME,GAMEHISTORY) values (6,0,0,0,null,null);
Insert into NEXTROOM.RANKRATING (USERNO,USERRATING,WINRATE,NOHINTWINRATE,SHOWAVGCLEARTIME,GAMEHISTORY) values (7,0,0,0,null,null);
Insert into NEXTROOM.RANKRATING (USERNO,USERRATING,WINRATE,NOHINTWINRATE,SHOWAVGCLEARTIME,GAMEHISTORY) values (8,0,0,0,null,null);
Insert into NEXTROOM.RANKRATING (USERNO,USERRATING,WINRATE,NOHINTWINRATE,SHOWAVGCLEARTIME,GAMEHISTORY) values (9,0,0,0,null,null);
Insert into NEXTROOM.RANKRATING (USERNO,USERRATING,WINRATE,NOHINTWINRATE,SHOWAVGCLEARTIME,GAMEHISTORY) values (10,0,0,0,null,null);
Insert into NEXTROOM.RANKRATING (USERNO,USERRATING,WINRATE,NOHINTWINRATE,SHOWAVGCLEARTIME,GAMEHISTORY) values (11,0,0,0,null,null);
Insert into NEXTROOM.RANKRATING (USERNO,USERRATING,WINRATE,NOHINTWINRATE,SHOWAVGCLEARTIME,GAMEHISTORY) values (12,0,0,0,null,null);
Insert into NEXTROOM.RANKRATING (USERNO,USERRATING,WINRATE,NOHINTWINRATE,SHOWAVGCLEARTIME,GAMEHISTORY) values (13,0,0,0,null,null);
Insert into NEXTROOM.RANKRATING (USERNO,USERRATING,WINRATE,NOHINTWINRATE,SHOWAVGCLEARTIME,GAMEHISTORY) values (14,0,0,0,null,null);
Insert into NEXTROOM.RANKRATING (USERNO,USERRATING,WINRATE,NOHINTWINRATE,SHOWAVGCLEARTIME,GAMEHISTORY) values (15,0,0,0,null,null);
Insert into NEXTROOM.RANKRATING (USERNO,USERRATING,WINRATE,NOHINTWINRATE,SHOWAVGCLEARTIME,GAMEHISTORY) values (16,0,0,0,null,null);
Insert into NEXTROOM.RANKRATING (USERNO,USERRATING,WINRATE,NOHINTWINRATE,SHOWAVGCLEARTIME,GAMEHISTORY) values (17,0,0,0,null,null);
Insert into NEXTROOM.RANKRATING (USERNO,USERRATING,WINRATE,NOHINTWINRATE,SHOWAVGCLEARTIME,GAMEHISTORY) values (18,0,0,0,null,null);
Insert into NEXTROOM.RANKRATING (USERNO,USERRATING,WINRATE,NOHINTWINRATE,SHOWAVGCLEARTIME,GAMEHISTORY) values (19,0,0,0,null,null);
Insert into NEXTROOM.RANKRATING (USERNO,USERRATING,WINRATE,NOHINTWINRATE,SHOWAVGCLEARTIME,GAMEHISTORY) values (20,0,0,0,null,null);
Insert into NEXTROOM.RANKRATING (USERNO,USERRATING,WINRATE,NOHINTWINRATE,SHOWAVGCLEARTIME,GAMEHISTORY) values (21,0,0,0,null,null);
Insert into NEXTROOM.RANKRATING (USERNO,USERRATING,WINRATE,NOHINTWINRATE,SHOWAVGCLEARTIME,GAMEHISTORY) values (22,0,0,0,null,null);
Insert into NEXTROOM.RANKRATING (USERNO,USERRATING,WINRATE,NOHINTWINRATE,SHOWAVGCLEARTIME,GAMEHISTORY) values (23,0,0,0,null,null);
Insert into NEXTROOM.RANKRATING (USERNO,USERRATING,WINRATE,NOHINTWINRATE,SHOWAVGCLEARTIME,GAMEHISTORY) values (24,0,0,0,null,null);
Insert into NEXTROOM.RANKRATING (USERNO,USERRATING,WINRATE,NOHINTWINRATE,SHOWAVGCLEARTIME,GAMEHISTORY) values (25,0,0,0,null,null);
Insert into NEXTROOM.RANKRATING (USERNO,USERRATING,WINRATE,NOHINTWINRATE,SHOWAVGCLEARTIME,GAMEHISTORY) values (26,0,0,0,null,null);
Insert into NEXTROOM.RANKRATING (USERNO,USERRATING,WINRATE,NOHINTWINRATE,SHOWAVGCLEARTIME,GAMEHISTORY) values (27,0,0,0,null,null);
REM INSERTING into NEXTROOM.RECORD
SET DEFINE OFF;
REM INSERTING into NEXTROOM.RESERVE
SET DEFINE OFF;
Insert into NEXTROOM.RESERVE (RESERVENO,RESERVETIMENO,USERNO,RESERVENAME,RESERVEHP,PAYMENT,RESERVEPERSON,PAYMENTSTATE) values (1,24,1,'김수한무','010-4545-9797','24000',2,1);
Insert into NEXTROOM.RESERVE (RESERVENO,RESERVETIMENO,USERNO,RESERVENAME,RESERVEHP,PAYMENT,RESERVEPERSON,PAYMENTSTATE) values (2,19,1,'김수한무','010-4545-9797','24000',2,1);
Insert into NEXTROOM.RESERVE (RESERVENO,RESERVETIMENO,USERNO,RESERVENAME,RESERVEHP,PAYMENT,RESERVEPERSON,PAYMENTSTATE) values (3,13,1,'김수한무','010-4545-9797','24000',2,1);
Insert into NEXTROOM.RESERVE (RESERVENO,RESERVETIMENO,USERNO,RESERVENAME,RESERVEHP,PAYMENT,RESERVEPERSON,PAYMENTSTATE) values (4,15,1,'김수한무','010-4545-9797','24000',2,1);
Insert into NEXTROOM.RESERVE (RESERVENO,RESERVETIMENO,USERNO,RESERVENAME,RESERVEHP,PAYMENT,RESERVEPERSON,PAYMENTSTATE) values (5,17,2,'찐','010-4545-9797','45000',4,1);
Insert into NEXTROOM.RESERVE (RESERVENO,RESERVETIMENO,USERNO,RESERVENAME,RESERVEHP,PAYMENT,RESERVEPERSON,PAYMENTSTATE) values (6,20,2,'찐','010-4545-9797','45000',4,1);
Insert into NEXTROOM.RESERVE (RESERVENO,RESERVETIMENO,USERNO,RESERVENAME,RESERVEHP,PAYMENT,RESERVEPERSON,PAYMENTSTATE) values (8,26,2,'예진','010-0000-0000','60000',3,1);
REM INSERTING into NEXTROOM.RESERVEDATE
SET DEFINE OFF;
Insert into NEXTROOM.RESERVEDATE (RESERVEDATENO,THEMENO,RESERVEDATE) values (1,1,to_date('21/09/30','RR/MM/DD'));
Insert into NEXTROOM.RESERVEDATE (RESERVEDATENO,THEMENO,RESERVEDATE) values (2,1,to_date('21/10/02','RR/MM/DD'));
Insert into NEXTROOM.RESERVEDATE (RESERVEDATENO,THEMENO,RESERVEDATE) values (3,1,to_date('21/10/10','RR/MM/DD'));
Insert into NEXTROOM.RESERVEDATE (RESERVEDATENO,THEMENO,RESERVEDATE) values (4,1,to_date('21/10/15','RR/MM/DD'));
Insert into NEXTROOM.RESERVEDATE (RESERVEDATENO,THEMENO,RESERVEDATE) values (5,1,to_date('21/10/05','RR/MM/DD'));
Insert into NEXTROOM.RESERVEDATE (RESERVEDATENO,THEMENO,RESERVEDATE) values (6,1,to_date('21/10/22','RR/MM/DD'));
Insert into NEXTROOM.RESERVEDATE (RESERVEDATENO,THEMENO,RESERVEDATE) values (7,1,to_date('21/10/14','RR/MM/DD'));
REM INSERTING into NEXTROOM.RESERVEPEOPLE
SET DEFINE OFF;
Insert into NEXTROOM.RESERVEPEOPLE (RESERVEMEMBERNO,RESERVENO,USERNO) values (1,1,3);
Insert into NEXTROOM.RESERVEPEOPLE (RESERVEMEMBERNO,RESERVENO,USERNO) values (2,1,1);
Insert into NEXTROOM.RESERVEPEOPLE (RESERVEMEMBERNO,RESERVENO,USERNO) values (3,1,2);
Insert into NEXTROOM.RESERVEPEOPLE (RESERVEMEMBERNO,RESERVENO,USERNO) values (4,2,4);
Insert into NEXTROOM.RESERVEPEOPLE (RESERVEMEMBERNO,RESERVENO,USERNO) values (5,2,5);
Insert into NEXTROOM.RESERVEPEOPLE (RESERVEMEMBERNO,RESERVENO,USERNO) values (6,2,1);
Insert into NEXTROOM.RESERVEPEOPLE (RESERVEMEMBERNO,RESERVENO,USERNO) values (7,2,2);
Insert into NEXTROOM.RESERVEPEOPLE (RESERVEMEMBERNO,RESERVENO,USERNO) values (8,8,2);
Insert into NEXTROOM.RESERVEPEOPLE (RESERVEMEMBERNO,RESERVENO,USERNO) values (9,8,3);
REM INSERTING into NEXTROOM.RESERVETIME
SET DEFINE OFF;
Insert into NEXTROOM.RESERVETIME (RESERVETIMENO,RESERVEDATENO,RESERVETIME,RESERVESTATE) values (1,1,'13:00',2);
Insert into NEXTROOM.RESERVETIME (RESERVETIMENO,RESERVEDATENO,RESERVETIME,RESERVESTATE) values (2,1,'14:15',2);
Insert into NEXTROOM.RESERVETIME (RESERVETIMENO,RESERVEDATENO,RESERVETIME,RESERVESTATE) values (3,2,'13:00',1);
Insert into NEXTROOM.RESERVETIME (RESERVETIMENO,RESERVEDATENO,RESERVETIME,RESERVESTATE) values (4,2,'15:30',3);
Insert into NEXTROOM.RESERVETIME (RESERVETIMENO,RESERVEDATENO,RESERVETIME,RESERVESTATE) values (5,2,'19:15',3);
Insert into NEXTROOM.RESERVETIME (RESERVETIMENO,RESERVEDATENO,RESERVETIME,RESERVESTATE) values (6,2,'18:00',3);
Insert into NEXTROOM.RESERVETIME (RESERVETIMENO,RESERVEDATENO,RESERVETIME,RESERVESTATE) values (7,2,'21:45',3);
Insert into NEXTROOM.RESERVETIME (RESERVETIMENO,RESERVEDATENO,RESERVETIME,RESERVESTATE) values (8,2,'10:30',1);
Insert into NEXTROOM.RESERVETIME (RESERVETIMENO,RESERVEDATENO,RESERVETIME,RESERVESTATE) values (9,2,'14:15',3);
Insert into NEXTROOM.RESERVETIME (RESERVETIMENO,RESERVEDATENO,RESERVETIME,RESERVESTATE) values (10,2,'20:30',1);
Insert into NEXTROOM.RESERVETIME (RESERVETIMENO,RESERVEDATENO,RESERVETIME,RESERVESTATE) values (11,2,'11:45',1);
Insert into NEXTROOM.RESERVETIME (RESERVETIMENO,RESERVEDATENO,RESERVETIME,RESERVESTATE) values (12,3,'14:15',3);
Insert into NEXTROOM.RESERVETIME (RESERVETIMENO,RESERVEDATENO,RESERVETIME,RESERVESTATE) values (13,3,'19:15',2);
Insert into NEXTROOM.RESERVETIME (RESERVETIMENO,RESERVEDATENO,RESERVETIME,RESERVESTATE) values (14,3,'21:45',3);
Insert into NEXTROOM.RESERVETIME (RESERVETIMENO,RESERVEDATENO,RESERVETIME,RESERVESTATE) values (15,2,'24:15',2);
Insert into NEXTROOM.RESERVETIME (RESERVETIMENO,RESERVEDATENO,RESERVETIME,RESERVESTATE) values (16,4,'13:00',3);
Insert into NEXTROOM.RESERVETIME (RESERVETIMENO,RESERVEDATENO,RESERVETIME,RESERVESTATE) values (17,5,'13:00',2);
Insert into NEXTROOM.RESERVETIME (RESERVETIMENO,RESERVEDATENO,RESERVETIME,RESERVESTATE) values (18,5,'14:15',3);
Insert into NEXTROOM.RESERVETIME (RESERVETIMENO,RESERVEDATENO,RESERVETIME,RESERVESTATE) values (19,6,'14:15',2);
Insert into NEXTROOM.RESERVETIME (RESERVETIMENO,RESERVEDATENO,RESERVETIME,RESERVESTATE) values (20,6,'13:00',2);
Insert into NEXTROOM.RESERVETIME (RESERVETIMENO,RESERVEDATENO,RESERVETIME,RESERVESTATE) values (21,6,'11:45',3);
Insert into NEXTROOM.RESERVETIME (RESERVETIMENO,RESERVEDATENO,RESERVETIME,RESERVESTATE) values (22,6,'18:00',3);
Insert into NEXTROOM.RESERVETIME (RESERVETIMENO,RESERVEDATENO,RESERVETIME,RESERVESTATE) values (23,6,'19:15',1);
Insert into NEXTROOM.RESERVETIME (RESERVETIMENO,RESERVEDATENO,RESERVETIME,RESERVESTATE) values (24,6,'10:30',2);
Insert into NEXTROOM.RESERVETIME (RESERVETIMENO,RESERVEDATENO,RESERVETIME,RESERVESTATE) values (25,7,'13:00',3);
Insert into NEXTROOM.RESERVETIME (RESERVETIMENO,RESERVEDATENO,RESERVETIME,RESERVESTATE) values (26,7,'16:45',2);
REM INSERTING into NEXTROOM.REVIEW
SET DEFINE OFF;
Insert into NEXTROOM.REVIEW (REVIEWNO,THEMENO,USERNO,FEELLEVEL,RATING,RECTIME,REVIEWHINTS,REVIEWCLEAR,MEMBERNUM,PLAYDATE,REVIEWREGDATE,REVIEWLIKE,REVIEWTITLE,REVIEWCONTENT,REVIEWHIT,REVIEWIMG) values (1,1,4,3,5,1800,0,'clear',2,to_date('21/09/30','RR/MM/DD'),to_date('21/09/30','RR/MM/DD'),0,'ㅎㅇ','대니입니다 ~ ',0,null);
Insert into NEXTROOM.REVIEW (REVIEWNO,THEMENO,USERNO,FEELLEVEL,RATING,RECTIME,REVIEWHINTS,REVIEWCLEAR,MEMBERNUM,PLAYDATE,REVIEWREGDATE,REVIEWLIKE,REVIEWTITLE,REVIEWCONTENT,REVIEWHIT,REVIEWIMG) values (2,2,1,4,5,3600,4,'실패',2,to_date('21/09/30','RR/MM/DD'),to_date('21/09/30','RR/MM/DD'),0,'졸려','내용물',1,null);
Insert into NEXTROOM.REVIEW (REVIEWNO,THEMENO,USERNO,FEELLEVEL,RATING,RECTIME,REVIEWHINTS,REVIEWCLEAR,MEMBERNUM,PLAYDATE,REVIEWREGDATE,REVIEWLIKE,REVIEWTITLE,REVIEWCONTENT,REVIEWHIT,REVIEWIMG) values (3,3,2,2,5,2510,2,'성공',2,to_date('21/09/30','RR/MM/DD'),to_date('21/09/30','RR/MM/DD'),0,'미리 넣어두기','대니입니다 ~ ',2,null);
Insert into NEXTROOM.REVIEW (REVIEWNO,THEMENO,USERNO,FEELLEVEL,RATING,RECTIME,REVIEWHINTS,REVIEWCLEAR,MEMBERNUM,PLAYDATE,REVIEWREGDATE,REVIEWLIKE,REVIEWTITLE,REVIEWCONTENT,REVIEWHIT,REVIEWIMG) values (4,4,1,2,4,2000,1,'실패',3,to_date('21/10/01','RR/MM/DD'),to_date('21/10/01','RR/MM/DD'),0,'자고싶다','대니입니다 ~ ',3,null);
Insert into NEXTROOM.REVIEW (REVIEWNO,THEMENO,USERNO,FEELLEVEL,RATING,RECTIME,REVIEWHINTS,REVIEWCLEAR,MEMBERNUM,PLAYDATE,REVIEWREGDATE,REVIEWLIKE,REVIEWTITLE,REVIEWCONTENT,REVIEWHIT,REVIEWIMG) values (5,5,2,1,3,2200,2,'성공',4,to_date('21/10/02','RR/MM/DD'),to_date('21/10/02','RR/MM/DD'),0,'낼학원감','대니입니다 ~ ',4,null);
Insert into NEXTROOM.REVIEW (REVIEWNO,THEMENO,USERNO,FEELLEVEL,RATING,RECTIME,REVIEWHINTS,REVIEWCLEAR,MEMBERNUM,PLAYDATE,REVIEWREGDATE,REVIEWLIKE,REVIEWTITLE,REVIEWCONTENT,REVIEWHIT,REVIEWIMG) values (6,6,3,5,2,2400,3,'실패',5,to_date('21/10/03','RR/MM/DD'),to_date('21/10/03','RR/MM/DD'),0,'오징어게임','대니입니다 ~ ',5,null);
Insert into NEXTROOM.REVIEW (REVIEWNO,THEMENO,USERNO,FEELLEVEL,RATING,RECTIME,REVIEWHINTS,REVIEWCLEAR,MEMBERNUM,PLAYDATE,REVIEWREGDATE,REVIEWLIKE,REVIEWTITLE,REVIEWCONTENT,REVIEWHIT,REVIEWIMG) values (7,7,4,4,1,2600,4,'성공',1,to_date('21/10/04','RR/MM/DD'),to_date('21/10/04','RR/MM/DD'),0,'DP','대니입니다 ~ ',6,null);
Insert into NEXTROOM.REVIEW (REVIEWNO,THEMENO,USERNO,FEELLEVEL,RATING,RECTIME,REVIEWHINTS,REVIEWCLEAR,MEMBERNUM,PLAYDATE,REVIEWREGDATE,REVIEWLIKE,REVIEWTITLE,REVIEWCONTENT,REVIEWHIT,REVIEWIMG) values (8,15,5,3,5,4567,5,'실패',2,to_date('21/10/05','RR/MM/DD'),to_date('21/10/05','RR/MM/DD'),0,'회에 소주','대니입니다 ~ ',7,null);
Insert into NEXTROOM.REVIEW (REVIEWNO,THEMENO,USERNO,FEELLEVEL,RATING,RECTIME,REVIEWHINTS,REVIEWCLEAR,MEMBERNUM,PLAYDATE,REVIEWREGDATE,REVIEWLIKE,REVIEWTITLE,REVIEWCONTENT,REVIEWHIT,REVIEWIMG) values (9,17,1,2,4,1234,1,'성공',3,to_date('21/10/06','RR/MM/DD'),to_date('21/10/06','RR/MM/DD'),0,'먹고싶다','대니입니다 ~ ',8,null);
Insert into NEXTROOM.REVIEW (REVIEWNO,THEMENO,USERNO,FEELLEVEL,RATING,RECTIME,REVIEWHINTS,REVIEWCLEAR,MEMBERNUM,PLAYDATE,REVIEWREGDATE,REVIEWLIKE,REVIEWTITLE,REVIEWCONTENT,REVIEWHIT,REVIEWIMG) values (10,18,2,1,3,1593,2,'실패',4,to_date('21/10/07','RR/MM/DD'),to_date('21/10/07','RR/MM/DD'),0,'코로나 언제끝나나','대니입니다 ~ ',9,null);
Insert into NEXTROOM.REVIEW (REVIEWNO,THEMENO,USERNO,FEELLEVEL,RATING,RECTIME,REVIEWHINTS,REVIEWCLEAR,MEMBERNUM,PLAYDATE,REVIEWREGDATE,REVIEWLIKE,REVIEWTITLE,REVIEWCONTENT,REVIEWHIT,REVIEWIMG) values (11,19,3,5,2,7894,3,'성공',5,to_date('21/10/08','RR/MM/DD'),to_date('21/10/07','RR/MM/DD'),0,'아 나는 아무 생각이 없다','대니입니다 ~ ',10,null);
Insert into NEXTROOM.REVIEW (REVIEWNO,THEMENO,USERNO,FEELLEVEL,RATING,RECTIME,REVIEWHINTS,REVIEWCLEAR,MEMBERNUM,PLAYDATE,REVIEWREGDATE,REVIEWLIKE,REVIEWTITLE,REVIEWCONTENT,REVIEWHIT,REVIEWIMG) values (12,20,4,4,1,3254,4,'실패',1,to_date('21/10/09','RR/MM/DD'),to_date('21/10/07','RR/MM/DD'),0,'왜냐하면','대니입니다 ~ ',11,null);
Insert into NEXTROOM.REVIEW (REVIEWNO,THEMENO,USERNO,FEELLEVEL,RATING,RECTIME,REVIEWHINTS,REVIEWCLEAR,MEMBERNUM,PLAYDATE,REVIEWREGDATE,REVIEWLIKE,REVIEWTITLE,REVIEWCONTENT,REVIEWHIT,REVIEWIMG) values (13,21,5,3,5,2910,0,'성공',2,to_date('21/10/10','RR/MM/DD'),to_date('21/10/07','RR/MM/DD'),0,'아무생각이 없기 때문이다','대니입니다 ~ ',13,null);
Insert into NEXTROOM.REVIEW (REVIEWNO,THEMENO,USERNO,FEELLEVEL,RATING,RECTIME,REVIEWHINTS,REVIEWCLEAR,MEMBERNUM,PLAYDATE,REVIEWREGDATE,REVIEWLIKE,REVIEWTITLE,REVIEWCONTENT,REVIEWHIT,REVIEWIMG) values (14,15,6,2,3,2430,1,'성공',3,to_date('21/10/14','RR/MM/DD'),to_date('21/10/14','RR/MM/DD'),0,'dfsdfsdf','<p>dd</p>',1,null);
Insert into NEXTROOM.REVIEW (REVIEWNO,THEMENO,USERNO,FEELLEVEL,RATING,RECTIME,REVIEWHINTS,REVIEWCLEAR,MEMBERNUM,PLAYDATE,REVIEWREGDATE,REVIEWLIKE,REVIEWTITLE,REVIEWCONTENT,REVIEWHIT,REVIEWIMG) values (15,15,6,1,4,1200,0,'성공',1,to_date('21/10/14','RR/MM/DD'),to_date('21/10/14','RR/MM/DD'),0,'dddd','<p>dsd</p>',1,null);
Insert into NEXTROOM.REVIEW (REVIEWNO,THEMENO,USERNO,FEELLEVEL,RATING,RECTIME,REVIEWHINTS,REVIEWCLEAR,MEMBERNUM,PLAYDATE,REVIEWREGDATE,REVIEWLIKE,REVIEWTITLE,REVIEWCONTENT,REVIEWHIT,REVIEWIMG) values (16,15,6,5,2,23220,1,'성공',2,to_date('21/10/14','RR/MM/DD'),to_date('21/10/14','RR/MM/DD'),0,'ddbvxbtrgng','<p>dfffsa</p>',0,null);
Insert into NEXTROOM.REVIEW (REVIEWNO,THEMENO,USERNO,FEELLEVEL,RATING,RECTIME,REVIEWHINTS,REVIEWCLEAR,MEMBERNUM,PLAYDATE,REVIEWREGDATE,REVIEWLIKE,REVIEWTITLE,REVIEWCONTENT,REVIEWHIT,REVIEWIMG) values (17,17,6,2,4,1200,0,'실패',2,to_date('21/10/15','RR/MM/DD'),to_date('21/10/15','RR/MM/DD'),0,'xdsfdsgdf','<p>d</p>',0,null);
REM INSERTING into NEXTROOM.REVIEWCOMMENT
SET DEFINE OFF;
REM INSERTING into NEXTROOM.THEME
SET DEFINE OFF;
Insert into NEXTROOM.THEME (THEMENO,CAFENO,THEMENAME,THEMEIMG,JENRE,LEVELS,THEMETYPE,PLAYTIME,ACTIVITY,THEMEINTRO,PRECOMMENDMIN,PRECOMMENDMAX,PMIN,PMAX,STATE) values (1,2,'아뜰리에','img0001.JPG','19금',4,'자물쇠',60,'보통','인트로','2','5',1,4,'available');
Insert into NEXTROOM.THEME (THEMENO,CAFENO,THEMENAME,THEMEIMG,JENRE,LEVELS,THEMETYPE,PLAYTIME,ACTIVITY,THEMEINTRO,PRECOMMENDMIN,PRECOMMENDMAX,PMIN,PMAX,STATE) values (2,2,'비밀의 화원','img0002.JPG','?',3,'장치반자물쇠반',50,'많음','인트로','2','5',1,3,'available');
Insert into NEXTROOM.THEME (THEMENO,CAFENO,THEMENAME,THEMEIMG,JENRE,LEVELS,THEMETYPE,PLAYTIME,ACTIVITY,THEMEINTRO,PRECOMMENDMIN,PRECOMMENDMAX,PMIN,PMAX,STATE) values (3,2,'연애학개론','img0003.JPG','감성',5,'자물쇠 위주',60,'적음','인트로','2','5',1,6,'available');
Insert into NEXTROOM.THEME (THEMENO,CAFENO,THEMENAME,THEMEIMG,JENRE,LEVELS,THEMETYPE,PLAYTIME,ACTIVITY,THEMEINTRO,PRECOMMENDMIN,PRECOMMENDMAX,PMIN,PMAX,STATE) values (4,2,'컬러즈','img0004.JPG','공상과학',4,'장치 위주',60,'적음','인트로','2','5',2,3,'available');
Insert into NEXTROOM.THEME (THEMENO,CAFENO,THEMENAME,THEMEIMG,JENRE,LEVELS,THEMETYPE,PLAYTIME,ACTIVITY,THEMEINTRO,PRECOMMENDMIN,PRECOMMENDMAX,PMIN,PMAX,STATE) values (5,2,'블라인드','img0005.JPG','공포',5,'자물쇠/장치 반반',60,'보통','인트로','2','5',1,6,'available');
Insert into NEXTROOM.THEME (THEMENO,CAFENO,THEMENAME,THEMEIMG,JENRE,LEVELS,THEMETYPE,PLAYTIME,ACTIVITY,THEMEINTRO,PRECOMMENDMIN,PRECOMMENDMAX,PMIN,PMAX,STATE) values (6,2,'베이비 레이스','img0006.JPG','드라마',3,'자물쇠 위주',60,'많음','인트로','3','5',1,2,'available');
Insert into NEXTROOM.THEME (THEMENO,CAFENO,THEMENAME,THEMEIMG,JENRE,LEVELS,THEMETYPE,PLAYTIME,ACTIVITY,THEMEINTRO,PRECOMMENDMIN,PRECOMMENDMAX,PMIN,PMAX,STATE) values (7,2,'슈퍼 엔지니어','img0007.JPG','로맨스',5,'자물쇠/장치 반반',60,'적음','인트로','3','5',1,1,'available');
Insert into NEXTROOM.THEME (THEMENO,CAFENO,THEMENAME,THEMEIMG,JENRE,LEVELS,THEMETYPE,PLAYTIME,ACTIVITY,THEMEINTRO,PRECOMMENDMIN,PRECOMMENDMAX,PMIN,PMAX,STATE) values (15,3,'아뜰리에','img0008.JPG','모험',2,'자물쇠 위주',60,'적음','인트로','3','5',1,6,'available');
Insert into NEXTROOM.THEME (THEMENO,CAFENO,THEMENAME,THEMEIMG,JENRE,LEVELS,THEMETYPE,PLAYTIME,ACTIVITY,THEMEINTRO,PRECOMMENDMIN,PRECOMMENDMAX,PMIN,PMAX,STATE) values (16,3,'비밀의 화원','img0009.JPG','미스터리',3,'자물쇠/장치 반반',60,'적음','인트로','2','5',1,6,'available');
Insert into NEXTROOM.THEME (THEMENO,CAFENO,THEMENAME,THEMEIMG,JENRE,LEVELS,THEMETYPE,PLAYTIME,ACTIVITY,THEMEINTRO,PRECOMMENDMIN,PRECOMMENDMAX,PMIN,PMAX,STATE) values (17,3,'연애학개론','img0010.JPG','범죄',5,'자물쇠 위주',60,'적음','인트로','2','5',1,6,'available');
Insert into NEXTROOM.THEME (THEMENO,CAFENO,THEMENAME,THEMEIMG,JENRE,LEVELS,THEMETYPE,PLAYTIME,ACTIVITY,THEMEINTRO,PRECOMMENDMIN,PRECOMMENDMAX,PMIN,PMAX,STATE) values (18,3,'컬러즈','img0011.JPG','스릴러',3,'자물쇠 위주',60,'보통','인트로','2','6',1,6,'available');
Insert into NEXTROOM.THEME (THEMENO,CAFENO,THEMENAME,THEMEIMG,JENRE,LEVELS,THEMETYPE,PLAYTIME,ACTIVITY,THEMEINTRO,PRECOMMENDMIN,PRECOMMENDMAX,PMIN,PMAX,STATE) values (19,3,'블라인드','img0012.JPG','아케이드',4,'자물쇠 위주',60,'보통','인트로','2','5',1,6,'available');
Insert into NEXTROOM.THEME (THEMENO,CAFENO,THEMENAME,THEMEIMG,JENRE,LEVELS,THEMETYPE,PLAYTIME,ACTIVITY,THEMEINTRO,PRECOMMENDMIN,PRECOMMENDMAX,PMIN,PMAX,STATE) values (20,3,'베이비 레이스','img0013.JPG','액션',2,'장치 위주',60,'보통','인트로','2','4',1,6,'available');
Insert into NEXTROOM.THEME (THEMENO,CAFENO,THEMENAME,THEMEIMG,JENRE,LEVELS,THEMETYPE,PLAYTIME,ACTIVITY,THEMEINTRO,PRECOMMENDMIN,PRECOMMENDMAX,PMIN,PMAX,STATE) values (21,3,'슈퍼 엔지니어','img0014.JPG','야외',2,'자물쇠 위주',60,'많음','인트로','2','5',1,6,'available');
Insert into NEXTROOM.THEME (THEMENO,CAFENO,THEMENAME,THEMEIMG,JENRE,LEVELS,THEMETYPE,PLAYTIME,ACTIVITY,THEMEINTRO,PRECOMMENDMIN,PRECOMMENDMAX,PMIN,PMAX,STATE) values (22,5,'테마4','img0015.JPG','역사',1,'자물쇠 위주',60,'많음','인트로','1','3',1,4,'available');
Insert into NEXTROOM.THEME (THEMENO,CAFENO,THEMENAME,THEMEIMG,JENRE,LEVELS,THEMETYPE,PLAYTIME,ACTIVITY,THEMEINTRO,PRECOMMENDMIN,PRECOMMENDMAX,PMIN,PMAX,STATE) values (23,5,'테마3','img0016.JPG','음악',1,'장치 위주',60,'적음','인트로','1','3',1,3,'available');
Insert into NEXTROOM.THEME (THEMENO,CAFENO,THEMENAME,THEMEIMG,JENRE,LEVELS,THEMETYPE,PLAYTIME,ACTIVITY,THEMEINTRO,PRECOMMENDMIN,PRECOMMENDMAX,PMIN,PMAX,STATE) values (24,6,'너부리','img0017.JPG','잠입',2,'자물쇠/장치 반반',60,'보통','인트로','1','5',1,6,'available');
Insert into NEXTROOM.THEME (THEMENO,CAFENO,THEMENAME,THEMEIMG,JENRE,LEVELS,THEMETYPE,PLAYTIME,ACTIVITY,THEMEINTRO,PRECOMMENDMIN,PRECOMMENDMAX,PMIN,PMAX,STATE) values (25,7,'그린','img0018.JPG','추리',1,'자물쇠 위주',60,'보통','인트로','1','2',2,3,'disable');
Insert into NEXTROOM.THEME (THEMENO,CAFENO,THEMENAME,THEMEIMG,JENRE,LEVELS,THEMETYPE,PLAYTIME,ACTIVITY,THEMEINTRO,PRECOMMENDMIN,PRECOMMENDMAX,PMIN,PMAX,STATE) values (26,7,'핑크','img0019.JPG','코미디',1,'자물쇠/장치 반반',60,'적음','인트로','2','5',1,6,'disable');
Insert into NEXTROOM.THEME (THEMENO,CAFENO,THEMENAME,THEMEIMG,JENRE,LEVELS,THEMETYPE,PLAYTIME,ACTIVITY,THEMEINTRO,PRECOMMENDMIN,PRECOMMENDMAX,PMIN,PMAX,STATE) values (27,7,'테마2','img0020.JPG','판타지',3,'자물쇠 위주',60,'적음','인트로','1','3',1,2,'disable');
Insert into NEXTROOM.THEME (THEMENO,CAFENO,THEMENAME,THEMEIMG,JENRE,LEVELS,THEMETYPE,PLAYTIME,ACTIVITY,THEMEINTRO,PRECOMMENDMIN,PRECOMMENDMAX,PMIN,PMAX,STATE) values (28,7,'테마1','img0021.JPG','범죄',2,'자물쇠/장치 반반',60,'적음','인트로','1','1',1,1,'available');
Insert into NEXTROOM.THEME (THEMENO,CAFENO,THEMENAME,THEMEIMG,JENRE,LEVELS,THEMETYPE,PLAYTIME,ACTIVITY,THEMEINTRO,PRECOMMENDMIN,PRECOMMENDMAX,PMIN,PMAX,STATE) values (29,32,'홍대테마','img0022.JPG','19금',5,'자물쇠 위주',60,'보통','인트로','2','5',1,6,'available');
Insert into NEXTROOM.THEME (THEMENO,CAFENO,THEMENAME,THEMEIMG,JENRE,LEVELS,THEMETYPE,PLAYTIME,ACTIVITY,THEMEINTRO,PRECOMMENDMIN,PRECOMMENDMAX,PMIN,PMAX,STATE) values (30,32,'홍대테마1','img0023.JPG','?',5,'자물쇠 위주',60,'보통','인트로','2','5',1,6,'available');
Insert into NEXTROOM.THEME (THEMENO,CAFENO,THEMENAME,THEMEIMG,JENRE,LEVELS,THEMETYPE,PLAYTIME,ACTIVITY,THEMEINTRO,PRECOMMENDMIN,PRECOMMENDMAX,PMIN,PMAX,STATE) values (31,32,'홍대테마2','img0024.JPG','감성',5,'자물쇠 위주',60,'보통','인트로','2','5',1,6,'available');
Insert into NEXTROOM.THEME (THEMENO,CAFENO,THEMENAME,THEMEIMG,JENRE,LEVELS,THEMETYPE,PLAYTIME,ACTIVITY,THEMEINTRO,PRECOMMENDMIN,PRECOMMENDMAX,PMIN,PMAX,STATE) values (32,32,'홍대테마3','img0025.JPG','공상과학',5,'장치 위주',60,'보통','인트로','2','5',1,6,'available');
Insert into NEXTROOM.THEME (THEMENO,CAFENO,THEMENAME,THEMEIMG,JENRE,LEVELS,THEMETYPE,PLAYTIME,ACTIVITY,THEMEINTRO,PRECOMMENDMIN,PRECOMMENDMAX,PMIN,PMAX,STATE) values (33,32,'홍대테마4','img0026.JPG','공포',5,'자물쇠 위주',60,'많음','인트로','2','5',1,6,'available');
Insert into NEXTROOM.THEME (THEMENO,CAFENO,THEMENAME,THEMEIMG,JENRE,LEVELS,THEMETYPE,PLAYTIME,ACTIVITY,THEMEINTRO,PRECOMMENDMIN,PRECOMMENDMAX,PMIN,PMAX,STATE) values (34,32,'홍대테마5','img0027.JPG','드라마',5,'자물쇠 위주',60,'보통','인트로','2','5',1,6,'available');
Insert into NEXTROOM.THEME (THEMENO,CAFENO,THEMENAME,THEMEIMG,JENRE,LEVELS,THEMETYPE,PLAYTIME,ACTIVITY,THEMEINTRO,PRECOMMENDMIN,PRECOMMENDMAX,PMIN,PMAX,STATE) values (35,33,'강남테마1','img0028.JPG','로맨스',5,'자물쇠/장치 반반',60,'많음','인트로','2','5',1,6,'available');
Insert into NEXTROOM.THEME (THEMENO,CAFENO,THEMENAME,THEMEIMG,JENRE,LEVELS,THEMETYPE,PLAYTIME,ACTIVITY,THEMEINTRO,PRECOMMENDMIN,PRECOMMENDMAX,PMIN,PMAX,STATE) values (36,33,'강남테마2','img0029.JPG','모험',5,'자물쇠 위주',60,'보통','인트로','2','5',1,6,'available');
Insert into NEXTROOM.THEME (THEMENO,CAFENO,THEMENAME,THEMEIMG,JENRE,LEVELS,THEMETYPE,PLAYTIME,ACTIVITY,THEMEINTRO,PRECOMMENDMIN,PRECOMMENDMAX,PMIN,PMAX,STATE) values (37,33,'강남테마3','img0030.JPG','미스터리',5,'장치 위주',60,'적음','인트로','2','5',1,6,'available');
Insert into NEXTROOM.THEME (THEMENO,CAFENO,THEMENAME,THEMEIMG,JENRE,LEVELS,THEMETYPE,PLAYTIME,ACTIVITY,THEMEINTRO,PRECOMMENDMIN,PRECOMMENDMAX,PMIN,PMAX,STATE) values (38,33,'강남테마4','img0031.JPG','범죄',5,'자물쇠 위주',60,'보통','인트로','2','5',1,6,'available');
Insert into NEXTROOM.THEME (THEMENO,CAFENO,THEMENAME,THEMEIMG,JENRE,LEVELS,THEMETYPE,PLAYTIME,ACTIVITY,THEMEINTRO,PRECOMMENDMIN,PRECOMMENDMAX,PMIN,PMAX,STATE) values (39,33,'강남테마5','img0032.JPG','스릴러',5,'자물쇠/장치 반반',60,'적음','인트로','2','5',1,6,'available');
Insert into NEXTROOM.THEME (THEMENO,CAFENO,THEMENAME,THEMEIMG,JENRE,LEVELS,THEMETYPE,PLAYTIME,ACTIVITY,THEMEINTRO,PRECOMMENDMIN,PRECOMMENDMAX,PMIN,PMAX,STATE) values (40,34,'건대테마1','img0033.JPG','아케이드',5,'자물쇠 위주',60,'보통','인트로','2','5',1,6,'available');
Insert into NEXTROOM.THEME (THEMENO,CAFENO,THEMENAME,THEMEIMG,JENRE,LEVELS,THEMETYPE,PLAYTIME,ACTIVITY,THEMEINTRO,PRECOMMENDMIN,PRECOMMENDMAX,PMIN,PMAX,STATE) values (41,34,'건대테마2','img0034.JPG','액션',5,'자물쇠 위주',60,'적음','인트로','2','5',1,6,'available');
Insert into NEXTROOM.THEME (THEMENO,CAFENO,THEMENAME,THEMEIMG,JENRE,LEVELS,THEMETYPE,PLAYTIME,ACTIVITY,THEMEINTRO,PRECOMMENDMIN,PRECOMMENDMAX,PMIN,PMAX,STATE) values (42,34,'건대테마3','img0035.JPG','야외',5,'자물쇠 위주',60,'많음','인트로','2','5',1,6,'available');
Insert into NEXTROOM.THEME (THEMENO,CAFENO,THEMENAME,THEMEIMG,JENRE,LEVELS,THEMETYPE,PLAYTIME,ACTIVITY,THEMEINTRO,PRECOMMENDMIN,PRECOMMENDMAX,PMIN,PMAX,STATE) values (43,34,'건대테마4','img0036.JPG','역사',5,'자물쇠/장치 반반',60,'많음','인트로','2','5',1,6,'available');
Insert into NEXTROOM.THEME (THEMENO,CAFENO,THEMENAME,THEMEIMG,JENRE,LEVELS,THEMETYPE,PLAYTIME,ACTIVITY,THEMEINTRO,PRECOMMENDMIN,PRECOMMENDMAX,PMIN,PMAX,STATE) values (44,34,'건대테마5','img0037.JPG','음악',5,'자물쇠 위주',60,'보통','인트로','2','5',1,6,'available');
Insert into NEXTROOM.THEME (THEMENO,CAFENO,THEMENAME,THEMEIMG,JENRE,LEVELS,THEMETYPE,PLAYTIME,ACTIVITY,THEMEINTRO,PRECOMMENDMIN,PRECOMMENDMAX,PMIN,PMAX,STATE) values (45,35,'홍대신촌테마1','img0038.JPG','잠입',5,'자물쇠/장치 반반',60,'보통','인트로','2','5',1,6,'available');
Insert into NEXTROOM.THEME (THEMENO,CAFENO,THEMENAME,THEMEIMG,JENRE,LEVELS,THEMETYPE,PLAYTIME,ACTIVITY,THEMEINTRO,PRECOMMENDMIN,PRECOMMENDMAX,PMIN,PMAX,STATE) values (46,35,'홍대신촌테마2','img0039.JPG','추리',5,'자물쇠 위주',60,'보통','인트로','2','5',1,6,'available');
Insert into NEXTROOM.THEME (THEMENO,CAFENO,THEMENAME,THEMEIMG,JENRE,LEVELS,THEMETYPE,PLAYTIME,ACTIVITY,THEMEINTRO,PRECOMMENDMIN,PRECOMMENDMAX,PMIN,PMAX,STATE) values (47,35,'홍대신촌테마3','img0040.JPG','코미디',5,'자물쇠 위주',60,'보통','인트로','2','5',1,6,'available');
Insert into NEXTROOM.THEME (THEMENO,CAFENO,THEMENAME,THEMEIMG,JENRE,LEVELS,THEMETYPE,PLAYTIME,ACTIVITY,THEMEINTRO,PRECOMMENDMIN,PRECOMMENDMAX,PMIN,PMAX,STATE) values (48,35,'홍대신촌테마4','img0041.JPG','판타지',5,'자물쇠 위주',60,'보통','인트로','2','5',1,6,'available');
Insert into NEXTROOM.THEME (THEMENO,CAFENO,THEMENAME,THEMEIMG,JENRE,LEVELS,THEMETYPE,PLAYTIME,ACTIVITY,THEMEINTRO,PRECOMMENDMIN,PRECOMMENDMAX,PMIN,PMAX,STATE) values (49,35,'홍대신촌테마5','img0042.JPG','추리',5,'장치 위주',60,'많음','인트로','2','5',1,6,'available');
Insert into NEXTROOM.THEME (THEMENO,CAFENO,THEMENAME,THEMEIMG,JENRE,LEVELS,THEMETYPE,PLAYTIME,ACTIVITY,THEMEINTRO,PRECOMMENDMIN,PRECOMMENDMAX,PMIN,PMAX,STATE) values (50,36,'대학로테마1','img0043.JPG','추리',5,'자물쇠 위주',60,'보통','인트로','2','5',1,6,'available');
Insert into NEXTROOM.THEME (THEMENO,CAFENO,THEMENAME,THEMEIMG,JENRE,LEVELS,THEMETYPE,PLAYTIME,ACTIVITY,THEMEINTRO,PRECOMMENDMIN,PRECOMMENDMAX,PMIN,PMAX,STATE) values (51,36,'대학로테마2','img0044.JPG','19금',5,'자물쇠 위주',60,'적음','인트로','2','5',1,6,'available');
Insert into NEXTROOM.THEME (THEMENO,CAFENO,THEMENAME,THEMEIMG,JENRE,LEVELS,THEMETYPE,PLAYTIME,ACTIVITY,THEMEINTRO,PRECOMMENDMIN,PRECOMMENDMAX,PMIN,PMAX,STATE) values (52,36,'대학로테마3','img0045.JPG','?',5,'자물쇠 위주',60,'보통','인트로','2','5',1,6,'available');
Insert into NEXTROOM.THEME (THEMENO,CAFENO,THEMENAME,THEMEIMG,JENRE,LEVELS,THEMETYPE,PLAYTIME,ACTIVITY,THEMEINTRO,PRECOMMENDMIN,PRECOMMENDMAX,PMIN,PMAX,STATE) values (53,36,'대학로테마4','img0046.JPG','감성',5,'자물쇠 위주',60,'보통','인트로','2','5',1,6,'available');
Insert into NEXTROOM.THEME (THEMENO,CAFENO,THEMENAME,THEMEIMG,JENRE,LEVELS,THEMETYPE,PLAYTIME,ACTIVITY,THEMEINTRO,PRECOMMENDMIN,PRECOMMENDMAX,PMIN,PMAX,STATE) values (54,36,'대학로테마5','img0047.JPG','공상과학',5,'자물쇠 위주',60,'보통','인트로','2','5',1,6,'available');
Insert into NEXTROOM.THEME (THEMENO,CAFENO,THEMENAME,THEMEIMG,JENRE,LEVELS,THEMETYPE,PLAYTIME,ACTIVITY,THEMEINTRO,PRECOMMENDMIN,PRECOMMENDMAX,PMIN,PMAX,STATE) values (55,37,'강북테마1','img0048.JPG','공포',5,'장치 위주',60,'많음','인트로','2','5',1,6,'available');
Insert into NEXTROOM.THEME (THEMENO,CAFENO,THEMENAME,THEMEIMG,JENRE,LEVELS,THEMETYPE,PLAYTIME,ACTIVITY,THEMEINTRO,PRECOMMENDMIN,PRECOMMENDMAX,PMIN,PMAX,STATE) values (56,37,'강북테마2','img0049.JPG','드라마',5,'자물쇠 위주',60,'보통','인트로','2','5',1,6,'available');
Insert into NEXTROOM.THEME (THEMENO,CAFENO,THEMENAME,THEMEIMG,JENRE,LEVELS,THEMETYPE,PLAYTIME,ACTIVITY,THEMEINTRO,PRECOMMENDMIN,PRECOMMENDMAX,PMIN,PMAX,STATE) values (57,37,'강북테마3','img0050.JPG','로맨스',5,'자물쇠 위주',60,'적음','인트로','2','5',1,6,'available');
Insert into NEXTROOM.THEME (THEMENO,CAFENO,THEMENAME,THEMEIMG,JENRE,LEVELS,THEMETYPE,PLAYTIME,ACTIVITY,THEMEINTRO,PRECOMMENDMIN,PRECOMMENDMAX,PMIN,PMAX,STATE) values (58,37,'강북테마4','img0051.JPG','모험',5,'자물쇠 위주',60,'많음','인트로','2','5',1,6,'available');
Insert into NEXTROOM.THEME (THEMENO,CAFENO,THEMENAME,THEMEIMG,JENRE,LEVELS,THEMETYPE,PLAYTIME,ACTIVITY,THEMEINTRO,PRECOMMENDMIN,PRECOMMENDMAX,PMIN,PMAX,STATE) values (59,37,'강북테마5','img0052.JPG','미스터리',5,'자물쇠 위주',60,'보통','인트로','2','5',1,6,'available');
Insert into NEXTROOM.THEME (THEMENO,CAFENO,THEMENAME,THEMEIMG,JENRE,LEVELS,THEMETYPE,PLAYTIME,ACTIVITY,THEMEINTRO,PRECOMMENDMIN,PRECOMMENDMAX,PMIN,PMAX,STATE) values (60,38,'신림테마1','img0053.JPG','범죄',5,'자물쇠 위주',60,'보통','인트로','2','5',1,6,'available');
Insert into NEXTROOM.THEME (THEMENO,CAFENO,THEMENAME,THEMEIMG,JENRE,LEVELS,THEMETYPE,PLAYTIME,ACTIVITY,THEMEINTRO,PRECOMMENDMIN,PRECOMMENDMAX,PMIN,PMAX,STATE) values (61,38,'신림테마2','img0054.JPG','스릴러',5,'자물쇠 위주',60,'많음','인트로','2','5',1,6,'available');
Insert into NEXTROOM.THEME (THEMENO,CAFENO,THEMENAME,THEMEIMG,JENRE,LEVELS,THEMETYPE,PLAYTIME,ACTIVITY,THEMEINTRO,PRECOMMENDMIN,PRECOMMENDMAX,PMIN,PMAX,STATE) values (62,38,'신림테마3','img0055.JPG','아케이드',5,'자물쇠 위주',60,'보통','인트로','2','5',1,6,'available');
Insert into NEXTROOM.THEME (THEMENO,CAFENO,THEMENAME,THEMEIMG,JENRE,LEVELS,THEMETYPE,PLAYTIME,ACTIVITY,THEMEINTRO,PRECOMMENDMIN,PRECOMMENDMAX,PMIN,PMAX,STATE) values (63,38,'신림테마4','img0056.JPG','액션',5,'자물쇠 위주',60,'보통','인트로','2','5',1,6,'available');
Insert into NEXTROOM.THEME (THEMENO,CAFENO,THEMENAME,THEMEIMG,JENRE,LEVELS,THEMETYPE,PLAYTIME,ACTIVITY,THEMEINTRO,PRECOMMENDMIN,PRECOMMENDMAX,PMIN,PMAX,STATE) values (64,38,'신림테마5','img0057.JPG','야외',5,'자물쇠 위주',60,'보통','인트로','2','5',1,6,'available');
Insert into NEXTROOM.THEME (THEMENO,CAFENO,THEMENAME,THEMEIMG,JENRE,LEVELS,THEMETYPE,PLAYTIME,ACTIVITY,THEMEINTRO,PRECOMMENDMIN,PRECOMMENDMAX,PMIN,PMAX,STATE) values (65,39,'서울(기타)테마1','img0058.JPG','역사',5,'장치 위주',60,'보통','인트로','2','5',1,6,'available');
Insert into NEXTROOM.THEME (THEMENO,CAFENO,THEMENAME,THEMEIMG,JENRE,LEVELS,THEMETYPE,PLAYTIME,ACTIVITY,THEMEINTRO,PRECOMMENDMIN,PRECOMMENDMAX,PMIN,PMAX,STATE) values (66,39,'서울(기타)테마2','img0059.JPG','음악',5,'자물쇠 위주',60,'적음','인트로','2','5',1,6,'available');
Insert into NEXTROOM.THEME (THEMENO,CAFENO,THEMENAME,THEMEIMG,JENRE,LEVELS,THEMETYPE,PLAYTIME,ACTIVITY,THEMEINTRO,PRECOMMENDMIN,PRECOMMENDMAX,PMIN,PMAX,STATE) values (67,39,'서울(기타)테마3','img0060.JPG','잠입',5,'자물쇠 위주',60,'보통','인트로','2','5',1,6,'available');
Insert into NEXTROOM.THEME (THEMENO,CAFENO,THEMENAME,THEMEIMG,JENRE,LEVELS,THEMETYPE,PLAYTIME,ACTIVITY,THEMEINTRO,PRECOMMENDMIN,PRECOMMENDMAX,PMIN,PMAX,STATE) values (68,39,'서울(기타)테마4','img0061.JPG','추리',5,'자물쇠 위주',60,'보통','인트로','2','5',1,6,'available');
Insert into NEXTROOM.THEME (THEMENO,CAFENO,THEMENAME,THEMEIMG,JENRE,LEVELS,THEMETYPE,PLAYTIME,ACTIVITY,THEMEINTRO,PRECOMMENDMIN,PRECOMMENDMAX,PMIN,PMAX,STATE) values (69,39,'서울(기타)테마5','img0062.JPG','코미디',5,'자물쇠 위주',60,'적음','인트로','2','5',1,6,'available');
Insert into NEXTROOM.THEME (THEMENO,CAFENO,THEMENAME,THEMEIMG,JENRE,LEVELS,THEMETYPE,PLAYTIME,ACTIVITY,THEMEINTRO,PRECOMMENDMIN,PRECOMMENDMAX,PMIN,PMAX,STATE) values (70,40,'부천테마1','img0063.JPG','판타지',4,'자물쇠/장치 반반',60,'많음','인트로','2','5',1,6,'available');
Insert into NEXTROOM.THEME (THEMENO,CAFENO,THEMENAME,THEMEIMG,JENRE,LEVELS,THEMETYPE,PLAYTIME,ACTIVITY,THEMEINTRO,PRECOMMENDMIN,PRECOMMENDMAX,PMIN,PMAX,STATE) values (71,40,'부천테마2','img0064.JPG','스릴러',4,'장치 위주',60,'많음','인트로','2','5',1,6,'available');
Insert into NEXTROOM.THEME (THEMENO,CAFENO,THEMENAME,THEMEIMG,JENRE,LEVELS,THEMETYPE,PLAYTIME,ACTIVITY,THEMEINTRO,PRECOMMENDMIN,PRECOMMENDMAX,PMIN,PMAX,STATE) values (72,40,'부천테마3','img0065.JPG','19금',4,'자물쇠/장치 반반',60,'많음','인트로','2','5',1,6,'available');
Insert into NEXTROOM.THEME (THEMENO,CAFENO,THEMENAME,THEMEIMG,JENRE,LEVELS,THEMETYPE,PLAYTIME,ACTIVITY,THEMEINTRO,PRECOMMENDMIN,PRECOMMENDMAX,PMIN,PMAX,STATE) values (73,40,'부천테마4','img0066.JPG','?',4,'자물쇠/장치 반반',60,'많음','인트로','2','5',1,6,'available');
Insert into NEXTROOM.THEME (THEMENO,CAFENO,THEMENAME,THEMEIMG,JENRE,LEVELS,THEMETYPE,PLAYTIME,ACTIVITY,THEMEINTRO,PRECOMMENDMIN,PRECOMMENDMAX,PMIN,PMAX,STATE) values (74,40,'부천테마5','img0067.JPG','감성',4,'자물쇠/장치 반반',60,'많음','인트로','2','5',1,6,'available');
Insert into NEXTROOM.THEME (THEMENO,CAFENO,THEMENAME,THEMEIMG,JENRE,LEVELS,THEMETYPE,PLAYTIME,ACTIVITY,THEMEINTRO,PRECOMMENDMIN,PRECOMMENDMAX,PMIN,PMAX,STATE) values (75,41,'일산테마1','img0068.JPG','공상과학',4,'자물쇠/장치 반반',60,'많음','인트로','2','5',1,6,'available');
Insert into NEXTROOM.THEME (THEMENO,CAFENO,THEMENAME,THEMEIMG,JENRE,LEVELS,THEMETYPE,PLAYTIME,ACTIVITY,THEMEINTRO,PRECOMMENDMIN,PRECOMMENDMAX,PMIN,PMAX,STATE) values (76,41,'일산테마2','img0069.JPG','공포',4,'자물쇠/장치 반반',60,'많음','인트로','2','5',1,6,'available');
Insert into NEXTROOM.THEME (THEMENO,CAFENO,THEMENAME,THEMEIMG,JENRE,LEVELS,THEMETYPE,PLAYTIME,ACTIVITY,THEMEINTRO,PRECOMMENDMIN,PRECOMMENDMAX,PMIN,PMAX,STATE) values (77,41,'일산테마3','img0070.JPG','드라마',4,'장치 위주',60,'보통','인트로','2','5',1,6,'available');
Insert into NEXTROOM.THEME (THEMENO,CAFENO,THEMENAME,THEMEIMG,JENRE,LEVELS,THEMETYPE,PLAYTIME,ACTIVITY,THEMEINTRO,PRECOMMENDMIN,PRECOMMENDMAX,PMIN,PMAX,STATE) values (78,41,'일산테마4','img0071.JPG','로맨스',4,'자물쇠/장치 반반',60,'많음','인트로','2','5',1,6,'available');
Insert into NEXTROOM.THEME (THEMENO,CAFENO,THEMENAME,THEMEIMG,JENRE,LEVELS,THEMETYPE,PLAYTIME,ACTIVITY,THEMEINTRO,PRECOMMENDMIN,PRECOMMENDMAX,PMIN,PMAX,STATE) values (79,41,'일산테마5','img0072.JPG','모험',4,'자물쇠/장치 반반',60,'많음','인트로','2','5',1,6,'available');
Insert into NEXTROOM.THEME (THEMENO,CAFENO,THEMENAME,THEMEIMG,JENRE,LEVELS,THEMETYPE,PLAYTIME,ACTIVITY,THEMEINTRO,PRECOMMENDMIN,PRECOMMENDMAX,PMIN,PMAX,STATE) values (80,42,'수원테마1','img0073.JPG','미스터리',4,'자물쇠/장치 반반',60,'많음','인트로','2','5',1,6,'available');
Insert into NEXTROOM.THEME (THEMENO,CAFENO,THEMENAME,THEMEIMG,JENRE,LEVELS,THEMETYPE,PLAYTIME,ACTIVITY,THEMEINTRO,PRECOMMENDMIN,PRECOMMENDMAX,PMIN,PMAX,STATE) values (81,42,'수원테마2','img0074.JPG','범죄',4,'자물쇠/장치 반반',60,'보통','인트로','2','5',1,6,'available');
Insert into NEXTROOM.THEME (THEMENO,CAFENO,THEMENAME,THEMEIMG,JENRE,LEVELS,THEMETYPE,PLAYTIME,ACTIVITY,THEMEINTRO,PRECOMMENDMIN,PRECOMMENDMAX,PMIN,PMAX,STATE) values (82,42,'수원테마3','img0075.JPG','스릴러',4,'자물쇠/장치 반반',60,'적음','인트로','2','5',1,6,'available');
Insert into NEXTROOM.THEME (THEMENO,CAFENO,THEMENAME,THEMEIMG,JENRE,LEVELS,THEMETYPE,PLAYTIME,ACTIVITY,THEMEINTRO,PRECOMMENDMIN,PRECOMMENDMAX,PMIN,PMAX,STATE) values (83,42,'수원테마4','img0076.JPG','아케이드',4,'장치 위주',60,'많음','인트로','2','5',1,6,'available');
Insert into NEXTROOM.THEME (THEMENO,CAFENO,THEMENAME,THEMEIMG,JENRE,LEVELS,THEMETYPE,PLAYTIME,ACTIVITY,THEMEINTRO,PRECOMMENDMIN,PRECOMMENDMAX,PMIN,PMAX,STATE) values (84,42,'수원테마5','img0077.JPG','액션',4,'자물쇠/장치 반반',60,'적음','인트로','2','5',1,6,'available');
Insert into NEXTROOM.THEME (THEMENO,CAFENO,THEMENAME,THEMEIMG,JENRE,LEVELS,THEMETYPE,PLAYTIME,ACTIVITY,THEMEINTRO,PRECOMMENDMIN,PRECOMMENDMAX,PMIN,PMAX,STATE) values (85,43,'안양테마1','img0078.JPG','야외',4,'자물쇠/장치 반반',60,'많음','인트로','2','5',1,6,'available');
Insert into NEXTROOM.THEME (THEMENO,CAFENO,THEMENAME,THEMEIMG,JENRE,LEVELS,THEMETYPE,PLAYTIME,ACTIVITY,THEMEINTRO,PRECOMMENDMIN,PRECOMMENDMAX,PMIN,PMAX,STATE) values (86,43,'안양테마2','img0079.JPG','역사',4,'장치 위주',60,'많음','인트로','2','5',1,6,'available');
Insert into NEXTROOM.THEME (THEMENO,CAFENO,THEMENAME,THEMEIMG,JENRE,LEVELS,THEMETYPE,PLAYTIME,ACTIVITY,THEMEINTRO,PRECOMMENDMIN,PRECOMMENDMAX,PMIN,PMAX,STATE) values (87,43,'안양테마3','img0080.JPG','음악',4,'자물쇠/장치 반반',60,'많음','인트로','2','5',1,6,'available');
Insert into NEXTROOM.THEME (THEMENO,CAFENO,THEMENAME,THEMEIMG,JENRE,LEVELS,THEMETYPE,PLAYTIME,ACTIVITY,THEMEINTRO,PRECOMMENDMIN,PRECOMMENDMAX,PMIN,PMAX,STATE) values (88,43,'안양테마4','img0081.JPG','잠입',4,'자물쇠/장치 반반',60,'보통','인트로','2','5',1,6,'available');
Insert into NEXTROOM.THEME (THEMENO,CAFENO,THEMENAME,THEMEIMG,JENRE,LEVELS,THEMETYPE,PLAYTIME,ACTIVITY,THEMEINTRO,PRECOMMENDMIN,PRECOMMENDMAX,PMIN,PMAX,STATE) values (89,43,'안양테마5','img0082.JPG','추리',4,'장치 위주',60,'많음','인트로','2','5',1,6,'available');
Insert into NEXTROOM.THEME (THEMENO,CAFENO,THEMENAME,THEMEIMG,JENRE,LEVELS,THEMETYPE,PLAYTIME,ACTIVITY,THEMEINTRO,PRECOMMENDMIN,PRECOMMENDMAX,PMIN,PMAX,STATE) values (90,44,'경기(기타)테마1','img0083.JPG','코미디',3,'자물쇠/장치 반반',65,'많음','인트로','2','5',1,6,'available');
Insert into NEXTROOM.THEME (THEMENO,CAFENO,THEMENAME,THEMEIMG,JENRE,LEVELS,THEMETYPE,PLAYTIME,ACTIVITY,THEMEINTRO,PRECOMMENDMIN,PRECOMMENDMAX,PMIN,PMAX,STATE) values (91,44,'경기(기타)테마2','img0084.JPG','판타지',3,'자물쇠/장치 반반',65,'많음','인트로','2','5',1,6,'available');
Insert into NEXTROOM.THEME (THEMENO,CAFENO,THEMENAME,THEMEIMG,JENRE,LEVELS,THEMETYPE,PLAYTIME,ACTIVITY,THEMEINTRO,PRECOMMENDMIN,PRECOMMENDMAX,PMIN,PMAX,STATE) values (92,44,'경기(기타)테마3','img0085.JPG','19금',3,'장치 위주',65,'적음','인트로','2','5',1,6,'available');
Insert into NEXTROOM.THEME (THEMENO,CAFENO,THEMENAME,THEMEIMG,JENRE,LEVELS,THEMETYPE,PLAYTIME,ACTIVITY,THEMEINTRO,PRECOMMENDMIN,PRECOMMENDMAX,PMIN,PMAX,STATE) values (93,44,'경기(기타)테마4','img0086.JPG','?',3,'자물쇠/장치 반반',65,'많음','인트로','2','5',1,6,'available');
Insert into NEXTROOM.THEME (THEMENO,CAFENO,THEMENAME,THEMEIMG,JENRE,LEVELS,THEMETYPE,PLAYTIME,ACTIVITY,THEMEINTRO,PRECOMMENDMIN,PRECOMMENDMAX,PMIN,PMAX,STATE) values (94,44,'경기(기타)테마5','img0087.JPG','감성',3,'자물쇠/장치 반반',65,'적음','인트로','2','5',1,6,'available');
Insert into NEXTROOM.THEME (THEMENO,CAFENO,THEMENAME,THEMEIMG,JENRE,LEVELS,THEMETYPE,PLAYTIME,ACTIVITY,THEMEINTRO,PRECOMMENDMIN,PRECOMMENDMAX,PMIN,PMAX,STATE) values (95,45,'인천테마1','img0088.JPG','공상과학',3,'자물쇠/장치 반반',65,'적음','인트로','2','5',1,6,'available');
Insert into NEXTROOM.THEME (THEMENO,CAFENO,THEMENAME,THEMEIMG,JENRE,LEVELS,THEMETYPE,PLAYTIME,ACTIVITY,THEMEINTRO,PRECOMMENDMIN,PRECOMMENDMAX,PMIN,PMAX,STATE) values (96,45,'인천테마2','img0089.JPG','공포',3,'자물쇠/장치 반반',65,'많음','인트로','2','5',1,6,'available');
Insert into NEXTROOM.THEME (THEMENO,CAFENO,THEMENAME,THEMEIMG,JENRE,LEVELS,THEMETYPE,PLAYTIME,ACTIVITY,THEMEINTRO,PRECOMMENDMIN,PRECOMMENDMAX,PMIN,PMAX,STATE) values (97,45,'인천테마3','img0090.JPG','드라마',3,'자물쇠/장치 반반',65,'적음','인트로','2','5',1,6,'available');
Insert into NEXTROOM.THEME (THEMENO,CAFENO,THEMENAME,THEMEIMG,JENRE,LEVELS,THEMETYPE,PLAYTIME,ACTIVITY,THEMEINTRO,PRECOMMENDMIN,PRECOMMENDMAX,PMIN,PMAX,STATE) values (98,45,'인천테마4','img0091.JPG','로맨스',3,'장치 위주',65,'보통','인트로','2','5',1,6,'available');
Insert into NEXTROOM.THEME (THEMENO,CAFENO,THEMENAME,THEMEIMG,JENRE,LEVELS,THEMETYPE,PLAYTIME,ACTIVITY,THEMEINTRO,PRECOMMENDMIN,PRECOMMENDMAX,PMIN,PMAX,STATE) values (99,45,'인천테마5','img0092.JPG','모험',3,'자물쇠/장치 반반',65,'적음','인트로','2','5',1,6,'available');
Insert into NEXTROOM.THEME (THEMENO,CAFENO,THEMENAME,THEMEIMG,JENRE,LEVELS,THEMETYPE,PLAYTIME,ACTIVITY,THEMEINTRO,PRECOMMENDMIN,PRECOMMENDMAX,PMIN,PMAX,STATE) values (100,46,'강원테마1','img0093.JPG','미스터리',2,'장치 위주',65,'많음','인트로','2','5',1,6,'available');
Insert into NEXTROOM.THEME (THEMENO,CAFENO,THEMENAME,THEMEIMG,JENRE,LEVELS,THEMETYPE,PLAYTIME,ACTIVITY,THEMEINTRO,PRECOMMENDMIN,PRECOMMENDMAX,PMIN,PMAX,STATE) values (101,46,'강원테마2','img0094.JPG','범죄',2,'장치 위주',65,'적음','인트로','2','5',1,6,'available');
Insert into NEXTROOM.THEME (THEMENO,CAFENO,THEMENAME,THEMEIMG,JENRE,LEVELS,THEMETYPE,PLAYTIME,ACTIVITY,THEMEINTRO,PRECOMMENDMIN,PRECOMMENDMAX,PMIN,PMAX,STATE) values (102,46,'강원테마3','img0095.JPG','스릴러',2,'장치 위주',65,'보통','인트로','2','5',1,6,'available');
Insert into NEXTROOM.THEME (THEMENO,CAFENO,THEMENAME,THEMEIMG,JENRE,LEVELS,THEMETYPE,PLAYTIME,ACTIVITY,THEMEINTRO,PRECOMMENDMIN,PRECOMMENDMAX,PMIN,PMAX,STATE) values (103,46,'강원테마4','img0096.JPG','아케이드',2,'자물쇠/장치 반반',65,'적음','인트로','2','5',1,6,'available');
Insert into NEXTROOM.THEME (THEMENO,CAFENO,THEMENAME,THEMEIMG,JENRE,LEVELS,THEMETYPE,PLAYTIME,ACTIVITY,THEMEINTRO,PRECOMMENDMIN,PRECOMMENDMAX,PMIN,PMAX,STATE) values (104,46,'강원테마5','img0097.JPG','액션',2,'장치 위주',65,'많음','인트로','2','5',1,6,'available');
Insert into NEXTROOM.THEME (THEMENO,CAFENO,THEMENAME,THEMEIMG,JENRE,LEVELS,THEMETYPE,PLAYTIME,ACTIVITY,THEMEINTRO,PRECOMMENDMIN,PRECOMMENDMAX,PMIN,PMAX,STATE) values (105,47,'대전테마5','img0098.JPG','야외',2,'장치 위주',65,'보통','인트로','2','5',1,6,'available');
Insert into NEXTROOM.THEME (THEMENO,CAFENO,THEMENAME,THEMEIMG,JENRE,LEVELS,THEMETYPE,PLAYTIME,ACTIVITY,THEMEINTRO,PRECOMMENDMIN,PRECOMMENDMAX,PMIN,PMAX,STATE) values (106,47,'대전테마1','img0099.JPG','역사',2,'자물쇠/장치 반반',65,'적음','인트로','2','5',1,6,'available');
Insert into NEXTROOM.THEME (THEMENO,CAFENO,THEMENAME,THEMEIMG,JENRE,LEVELS,THEMETYPE,PLAYTIME,ACTIVITY,THEMEINTRO,PRECOMMENDMIN,PRECOMMENDMAX,PMIN,PMAX,STATE) values (107,47,'대전테마2','img0100.JPG','음악',2,'장치 위주',65,'보통','인트로','2','5',1,6,'available');
Insert into NEXTROOM.THEME (THEMENO,CAFENO,THEMENAME,THEMEIMG,JENRE,LEVELS,THEMETYPE,PLAYTIME,ACTIVITY,THEMEINTRO,PRECOMMENDMIN,PRECOMMENDMAX,PMIN,PMAX,STATE) values (108,47,'대전테마3','img0101.JPG','잠입',2,'자물쇠/장치 반반',65,'적음','인트로','2','5',1,6,'available');
Insert into NEXTROOM.THEME (THEMENO,CAFENO,THEMENAME,THEMEIMG,JENRE,LEVELS,THEMETYPE,PLAYTIME,ACTIVITY,THEMEINTRO,PRECOMMENDMIN,PRECOMMENDMAX,PMIN,PMAX,STATE) values (109,47,'대전테마4','img0102.JPG','추리',2,'장치 위주',65,'많음','인트로','2','5',1,6,'available');
Insert into NEXTROOM.THEME (THEMENO,CAFENO,THEMENAME,THEMEIMG,JENRE,LEVELS,THEMETYPE,PLAYTIME,ACTIVITY,THEMEINTRO,PRECOMMENDMIN,PRECOMMENDMAX,PMIN,PMAX,STATE) values (110,48,'천안테마1','img0103.JPG','19금',2,'장치 위주',65,'보통','인트로','2','5',1,6,'available');
Insert into NEXTROOM.THEME (THEMENO,CAFENO,THEMENAME,THEMEIMG,JENRE,LEVELS,THEMETYPE,PLAYTIME,ACTIVITY,THEMEINTRO,PRECOMMENDMIN,PRECOMMENDMAX,PMIN,PMAX,STATE) values (116,49,'청주테마1','img0104.JPG','?',2,'장치 위주',65,'보통','인트로','2','5',1,6,'available');
Insert into NEXTROOM.THEME (THEMENO,CAFENO,THEMENAME,THEMEIMG,JENRE,LEVELS,THEMETYPE,PLAYTIME,ACTIVITY,THEMEINTRO,PRECOMMENDMIN,PRECOMMENDMAX,PMIN,PMAX,STATE) values (112,48,'천안테마2','img0105.JPG','감성',2,'자물쇠/장치 반반',65,'적음','인트로','2','5',1,6,'available');
Insert into NEXTROOM.THEME (THEMENO,CAFENO,THEMENAME,THEMEIMG,JENRE,LEVELS,THEMETYPE,PLAYTIME,ACTIVITY,THEMEINTRO,PRECOMMENDMIN,PRECOMMENDMAX,PMIN,PMAX,STATE) values (113,48,'천안테마3','img0106.JPG','공상과학',2,'장치 위주',65,'많음','인트로','2','5',1,6,'available');
Insert into NEXTROOM.THEME (THEMENO,CAFENO,THEMENAME,THEMEIMG,JENRE,LEVELS,THEMETYPE,PLAYTIME,ACTIVITY,THEMEINTRO,PRECOMMENDMIN,PRECOMMENDMAX,PMIN,PMAX,STATE) values (114,48,'천안테마4','img0107.JPG','공포',2,'장치 위주',65,'적음','인트로','2','5',1,6,'available');
Insert into NEXTROOM.THEME (THEMENO,CAFENO,THEMENAME,THEMEIMG,JENRE,LEVELS,THEMETYPE,PLAYTIME,ACTIVITY,THEMEINTRO,PRECOMMENDMIN,PRECOMMENDMAX,PMIN,PMAX,STATE) values (115,48,'천안테마5','img0108.JPG','드라마',2,'장치 위주',65,'적음','인트로','2','5',1,6,'available');
Insert into NEXTROOM.THEME (THEMENO,CAFENO,THEMENAME,THEMEIMG,JENRE,LEVELS,THEMETYPE,PLAYTIME,ACTIVITY,THEMEINTRO,PRECOMMENDMIN,PRECOMMENDMAX,PMIN,PMAX,STATE) values (117,49,'청주테마2','img0109.JPG','로맨스',2,'자물쇠/장치 반반',65,'많음','인트로','2','5',1,6,'available');
Insert into NEXTROOM.THEME (THEMENO,CAFENO,THEMENAME,THEMEIMG,JENRE,LEVELS,THEMETYPE,PLAYTIME,ACTIVITY,THEMEINTRO,PRECOMMENDMIN,PRECOMMENDMAX,PMIN,PMAX,STATE) values (118,49,'청주테마3','img0110.JPG','모험',2,'장치 위주',65,'보통','인트로','2','5',1,6,'available');
Insert into NEXTROOM.THEME (THEMENO,CAFENO,THEMENAME,THEMEIMG,JENRE,LEVELS,THEMETYPE,PLAYTIME,ACTIVITY,THEMEINTRO,PRECOMMENDMIN,PRECOMMENDMAX,PMIN,PMAX,STATE) values (119,49,'청주테마4','img0111.JPG','미스터리',2,'장치 위주',65,'적음','인트로','2','5',1,6,'available');
Insert into NEXTROOM.THEME (THEMENO,CAFENO,THEMENAME,THEMEIMG,JENRE,LEVELS,THEMETYPE,PLAYTIME,ACTIVITY,THEMEINTRO,PRECOMMENDMIN,PRECOMMENDMAX,PMIN,PMAX,STATE) values (120,49,'청주테마5','img0112.JPG','범죄',2,'자물쇠/장치 반반',65,'적음','인트로','2','5',1,6,'available');
Insert into NEXTROOM.THEME (THEMENO,CAFENO,THEMENAME,THEMEIMG,JENRE,LEVELS,THEMETYPE,PLAYTIME,ACTIVITY,THEMEINTRO,PRECOMMENDMIN,PRECOMMENDMAX,PMIN,PMAX,STATE) values (121,50,'충청(기타)테마1','img0113.JPG','스릴러',2,'장치 위주',65,'많음','인트로','2','5',1,6,'available');
Insert into NEXTROOM.THEME (THEMENO,CAFENO,THEMENAME,THEMEIMG,JENRE,LEVELS,THEMETYPE,PLAYTIME,ACTIVITY,THEMEINTRO,PRECOMMENDMIN,PRECOMMENDMAX,PMIN,PMAX,STATE) values (122,50,'충청(기타)테마2','img0114.JPG','아케이드',2,'자물쇠/장치 반반',65,'많음','인트로','2','5',1,6,'available');
Insert into NEXTROOM.THEME (THEMENO,CAFENO,THEMENAME,THEMEIMG,JENRE,LEVELS,THEMETYPE,PLAYTIME,ACTIVITY,THEMEINTRO,PRECOMMENDMIN,PRECOMMENDMAX,PMIN,PMAX,STATE) values (123,50,'충청(기타)테마3','img0115.JPG','액션',2,'장치 위주',65,'많음','인트로','2','5',1,6,'available');
Insert into NEXTROOM.THEME (THEMENO,CAFENO,THEMENAME,THEMEIMG,JENRE,LEVELS,THEMETYPE,PLAYTIME,ACTIVITY,THEMEINTRO,PRECOMMENDMIN,PRECOMMENDMAX,PMIN,PMAX,STATE) values (124,50,'충청(기타)테마4','img0116.JPG','야외',2,'장치 위주',65,'보통','인트로','2','5',1,6,'available');
Insert into NEXTROOM.THEME (THEMENO,CAFENO,THEMENAME,THEMEIMG,JENRE,LEVELS,THEMETYPE,PLAYTIME,ACTIVITY,THEMEINTRO,PRECOMMENDMIN,PRECOMMENDMAX,PMIN,PMAX,STATE) values (125,50,'충청(기타)테마5','img0117.JPG','역사',2,'장치 위주',65,'적음','인트로','2','5',1,6,'available');
Insert into NEXTROOM.THEME (THEMENO,CAFENO,THEMENAME,THEMEIMG,JENRE,LEVELS,THEMETYPE,PLAYTIME,ACTIVITY,THEMEINTRO,PRECOMMENDMIN,PRECOMMENDMAX,PMIN,PMAX,STATE) values (126,51,'대구테마1','img0118.JPG','음악',2,'자물쇠/장치 반반',65,'적음','인트로','2','5',1,6,'available');
Insert into NEXTROOM.THEME (THEMENO,CAFENO,THEMENAME,THEMEIMG,JENRE,LEVELS,THEMETYPE,PLAYTIME,ACTIVITY,THEMEINTRO,PRECOMMENDMIN,PRECOMMENDMAX,PMIN,PMAX,STATE) values (127,51,'대구테마2','img0119.JPG','잠입',2,'장치 위주',65,'많음','인트로','2','5',1,6,'available');
Insert into NEXTROOM.THEME (THEMENO,CAFENO,THEMENAME,THEMEIMG,JENRE,LEVELS,THEMETYPE,PLAYTIME,ACTIVITY,THEMEINTRO,PRECOMMENDMIN,PRECOMMENDMAX,PMIN,PMAX,STATE) values (128,51,'대구테마3','img0120.JPG','추리',2,'자물쇠/장치 반반',65,'적음','인트로','2','5',1,6,'available');
Insert into NEXTROOM.THEME (THEMENO,CAFENO,THEMENAME,THEMEIMG,JENRE,LEVELS,THEMETYPE,PLAYTIME,ACTIVITY,THEMEINTRO,PRECOMMENDMIN,PRECOMMENDMAX,PMIN,PMAX,STATE) values (129,51,'대구테마4','img0121.JPG','코미디',2,'장치 위주',65,'많음','인트로','2','5',1,6,'available');
Insert into NEXTROOM.THEME (THEMENO,CAFENO,THEMENAME,THEMEIMG,JENRE,LEVELS,THEMETYPE,PLAYTIME,ACTIVITY,THEMEINTRO,PRECOMMENDMIN,PRECOMMENDMAX,PMIN,PMAX,STATE) values (130,51,'대구테마5','img0122.JPG','판타지',2,'장치 위주',65,'적음','인트로','2','5',1,6,'available');
REM INSERTING into NEXTROOM.THEMEPRICE
SET DEFINE OFF;
Insert into NEXTROOM.THEMEPRICE (THEMENO,HEADCOUNT,PRICE) values (1,2,44000);
Insert into NEXTROOM.THEMEPRICE (THEMENO,HEADCOUNT,PRICE) values (1,3,60000);
Insert into NEXTROOM.THEMEPRICE (THEMENO,HEADCOUNT,PRICE) values (1,4,80000);
Insert into NEXTROOM.THEMEPRICE (THEMENO,HEADCOUNT,PRICE) values (1,5,90000);
Insert into NEXTROOM.THEMEPRICE (THEMENO,HEADCOUNT,PRICE) values (1,6,108000);
Insert into NEXTROOM.THEMEPRICE (THEMENO,HEADCOUNT,PRICE) values (2,3,60000);
Insert into NEXTROOM.THEMEPRICE (THEMENO,HEADCOUNT,PRICE) values (2,4,80000);
Insert into NEXTROOM.THEMEPRICE (THEMENO,HEADCOUNT,PRICE) values (2,5,90000);
Insert into NEXTROOM.THEMEPRICE (THEMENO,HEADCOUNT,PRICE) values (2,6,108000);
Insert into NEXTROOM.THEMEPRICE (THEMENO,HEADCOUNT,PRICE) values (22,1,1);
Insert into NEXTROOM.THEMEPRICE (THEMENO,HEADCOUNT,PRICE) values (22,2,2);
Insert into NEXTROOM.THEMEPRICE (THEMENO,HEADCOUNT,PRICE) values (22,3,3);
Insert into NEXTROOM.THEMEPRICE (THEMENO,HEADCOUNT,PRICE) values (22,4,4);
Insert into NEXTROOM.THEMEPRICE (THEMENO,HEADCOUNT,PRICE) values (23,1,1);
Insert into NEXTROOM.THEMEPRICE (THEMENO,HEADCOUNT,PRICE) values (23,2,2);
Insert into NEXTROOM.THEMEPRICE (THEMENO,HEADCOUNT,PRICE) values (23,3,3);
Insert into NEXTROOM.THEMEPRICE (THEMENO,HEADCOUNT,PRICE) values (24,1,1);
Insert into NEXTROOM.THEMEPRICE (THEMENO,HEADCOUNT,PRICE) values (24,2,2);
Insert into NEXTROOM.THEMEPRICE (THEMENO,HEADCOUNT,PRICE) values (24,3,3);
Insert into NEXTROOM.THEMEPRICE (THEMENO,HEADCOUNT,PRICE) values (24,4,4);
Insert into NEXTROOM.THEMEPRICE (THEMENO,HEADCOUNT,PRICE) values (24,5,5);
Insert into NEXTROOM.THEMEPRICE (THEMENO,HEADCOUNT,PRICE) values (24,6,6);
Insert into NEXTROOM.THEMEPRICE (THEMENO,HEADCOUNT,PRICE) values (25,2,2);
Insert into NEXTROOM.THEMEPRICE (THEMENO,HEADCOUNT,PRICE) values (26,-1,2);
Insert into NEXTROOM.THEMEPRICE (THEMENO,HEADCOUNT,PRICE) values (28,1,1);
Insert into NEXTROOM.THEMEPRICE (THEMENO,HEADCOUNT,PRICE) values (25,3,3);
Insert into NEXTROOM.THEMEPRICE (THEMENO,HEADCOUNT,PRICE) values (27,1,1);
Insert into NEXTROOM.THEMEPRICE (THEMENO,HEADCOUNT,PRICE) values (27,2,2);
REM INSERTING into NEXTROOM.THEMETIME
SET DEFINE OFF;
Insert into NEXTROOM.THEMETIME (THEMETIMENO,THEMENO,THEMETIME) values (1,1,'10:30');
Insert into NEXTROOM.THEMETIME (THEMETIMENO,THEMENO,THEMETIME) values (2,1,'11:45');
Insert into NEXTROOM.THEMETIME (THEMETIMENO,THEMENO,THEMETIME) values (3,1,'13:00');
Insert into NEXTROOM.THEMETIME (THEMETIMENO,THEMENO,THEMETIME) values (4,1,'14:15');
Insert into NEXTROOM.THEMETIME (THEMETIMENO,THEMENO,THEMETIME) values (5,1,'15:30');
Insert into NEXTROOM.THEMETIME (THEMETIMENO,THEMENO,THEMETIME) values (6,1,'16:45');
Insert into NEXTROOM.THEMETIME (THEMETIMENO,THEMENO,THEMETIME) values (7,1,'18:00');
Insert into NEXTROOM.THEMETIME (THEMETIMENO,THEMENO,THEMETIME) values (8,1,'19:15');
Insert into NEXTROOM.THEMETIME (THEMETIMENO,THEMENO,THEMETIME) values (9,1,'20:30');
Insert into NEXTROOM.THEMETIME (THEMETIMENO,THEMENO,THEMETIME) values (10,1,'21:45');
Insert into NEXTROOM.THEMETIME (THEMETIMENO,THEMENO,THEMETIME) values (11,1,'23:00');
Insert into NEXTROOM.THEMETIME (THEMETIMENO,THEMENO,THEMETIME) values (12,1,'24:15');
Insert into NEXTROOM.THEMETIME (THEMETIMENO,THEMENO,THEMETIME) values (13,2,'10:30');
Insert into NEXTROOM.THEMETIME (THEMETIMENO,THEMENO,THEMETIME) values (14,2,'11:45');
Insert into NEXTROOM.THEMETIME (THEMETIMENO,THEMENO,THEMETIME) values (15,2,'13:00');
Insert into NEXTROOM.THEMETIME (THEMETIMENO,THEMENO,THEMETIME) values (16,2,'14:15');
Insert into NEXTROOM.THEMETIME (THEMETIMENO,THEMENO,THEMETIME) values (17,2,'15:30');
Insert into NEXTROOM.THEMETIME (THEMETIMENO,THEMENO,THEMETIME) values (18,2,'16:45');
Insert into NEXTROOM.THEMETIME (THEMETIMENO,THEMENO,THEMETIME) values (19,2,'18:00');
Insert into NEXTROOM.THEMETIME (THEMETIMENO,THEMENO,THEMETIME) values (20,2,'19:15');
Insert into NEXTROOM.THEMETIME (THEMETIMENO,THEMENO,THEMETIME) values (21,2,'20:30');
Insert into NEXTROOM.THEMETIME (THEMETIMENO,THEMENO,THEMETIME) values (22,2,'21:45');
Insert into NEXTROOM.THEMETIME (THEMETIMENO,THEMENO,THEMETIME) values (23,2,'23:00');
Insert into NEXTROOM.THEMETIME (THEMETIMENO,THEMENO,THEMETIME) values (24,2,'24:15');
Insert into NEXTROOM.THEMETIME (THEMETIMENO,THEMENO,THEMETIME) values (25,22,'01:00');
Insert into NEXTROOM.THEMETIME (THEMETIMENO,THEMENO,THEMETIME) values (26,22,'01:01');
Insert into NEXTROOM.THEMETIME (THEMETIMENO,THEMENO,THEMETIME) values (27,22,'01:02');
Insert into NEXTROOM.THEMETIME (THEMETIMENO,THEMENO,THEMETIME) values (28,23,'03:01');
Insert into NEXTROOM.THEMETIME (THEMETIMENO,THEMENO,THEMETIME) values (29,23,'16:01');
Insert into NEXTROOM.THEMETIME (THEMETIMENO,THEMENO,THEMETIME) values (30,23,'17:00');
Insert into NEXTROOM.THEMETIME (THEMETIMENO,THEMENO,THEMETIME) values (31,24,'01:00');
Insert into NEXTROOM.THEMETIME (THEMETIMENO,THEMENO,THEMETIME) values (32,24,'02:01');
Insert into NEXTROOM.THEMETIME (THEMETIMENO,THEMENO,THEMETIME) values (33,24,'01:03');
Insert into NEXTROOM.THEMETIME (THEMETIMENO,THEMENO,THEMETIME) values (60,25,'02:01');
Insert into NEXTROOM.THEMETIME (THEMETIMENO,THEMENO,THEMETIME) values (57,26,'12:59');
Insert into NEXTROOM.THEMETIME (THEMETIMENO,THEMENO,THEMETIME) values (58,25,'01:00');
Insert into NEXTROOM.THEMETIME (THEMETIMENO,THEMENO,THEMETIME) values (66,27,'01:00');
Insert into NEXTROOM.THEMETIME (THEMETIMENO,THEMENO,THEMETIME) values (72,28,'01:00');
Insert into NEXTROOM.THEMETIME (THEMETIMENO,THEMENO,THEMETIME) values (59,25,'02:00');
Insert into NEXTROOM.THEMETIME (THEMETIMENO,THEMENO,THEMETIME) values (55,26,'12:59');
Insert into NEXTROOM.THEMETIME (THEMETIMENO,THEMENO,THEMETIME) values (56,26,'12:59');
Insert into NEXTROOM.THEMETIME (THEMETIMENO,THEMENO,THEMETIME) values (64,27,'01:00');
Insert into NEXTROOM.THEMETIME (THEMETIMENO,THEMENO,THEMETIME) values (65,27,'01:00');
Insert into NEXTROOM.THEMETIME (THEMETIMENO,THEMENO,THEMETIME) values (70,28,'01:00');
Insert into NEXTROOM.THEMETIME (THEMETIMENO,THEMENO,THEMETIME) values (71,28,'01:00');
REM INSERTING into NEXTROOM.THMEPRICE
SET DEFINE OFF;
REM INSERTING into NEXTROOM.USERS
SET DEFINE OFF;
Insert into NEXTROOM.USERS (USERNO,ID,PASSWORD,USERNAME,USERHP,EMAIL,NICKNAME,USERTYPE) values (1,'ksh9096','dmd13579','서현','010-0000-0000','aaa@aaa.com','ksh9096','2');
Insert into NEXTROOM.USERS (USERNO,ID,PASSWORD,USERNAME,USERHP,EMAIL,NICKNAME,USERTYPE) values (2,'may0505','210505','예진','010-0000-0000','aaa@aaa.com','오월','2');
Insert into NEXTROOM.USERS (USERNO,ID,PASSWORD,USERNAME,USERHP,EMAIL,NICKNAME,USERTYPE) values (3,'junzzang','1111','준짱','010-0000-0000','aaa@aaa.com','준짱','1');
Insert into NEXTROOM.USERS (USERNO,ID,PASSWORD,USERNAME,USERHP,EMAIL,NICKNAME,USERTYPE) values (4,'ctct25','123','대근','010-0000-0000','aaa@aaa.com','대니','2');
Insert into NEXTROOM.USERS (USERNO,ID,PASSWORD,USERNAME,USERHP,EMAIL,NICKNAME,USERTYPE) values (5,'choi','1111','원호','010-0000-0000','aaa@aaa.com','choi','1');
Insert into NEXTROOM.USERS (USERNO,ID,PASSWORD,USERNAME,USERHP,EMAIL,NICKNAME,USERTYPE) values (6,'user01','user01','일유저','010-1111-1111','user01@nate.com','1유저','2');
Insert into NEXTROOM.USERS (USERNO,ID,PASSWORD,USERNAME,USERHP,EMAIL,NICKNAME,USERTYPE) values (7,'user02','user02','이유저','010-1111-1111','user02@nate.com','2유저','2');
Insert into NEXTROOM.USERS (USERNO,ID,PASSWORD,USERNAME,USERHP,EMAIL,NICKNAME,USERTYPE) values (8,'user03','user03','삼유저','010-1111-1111','user03@nate.com','3유저','2');
Insert into NEXTROOM.USERS (USERNO,ID,PASSWORD,USERNAME,USERHP,EMAIL,NICKNAME,USERTYPE) values (9,'user04','user04','사유저','010-1111-1111','user04@nate.com','4유저','1');
Insert into NEXTROOM.USERS (USERNO,ID,PASSWORD,USERNAME,USERHP,EMAIL,NICKNAME,USERTYPE) values (10,'user05','user05','오유저','010-1111-1111','user05@nate.com','5유저','1');
Insert into NEXTROOM.USERS (USERNO,ID,PASSWORD,USERNAME,USERHP,EMAIL,NICKNAME,USERTYPE) values (11,'user06','user06','육유저','010-1111-1111','user06@nate.com','6유저','1');
Insert into NEXTROOM.USERS (USERNO,ID,PASSWORD,USERNAME,USERHP,EMAIL,NICKNAME,USERTYPE) values (12,'user07','user07','칠유저','010-1111-1111','user07@nate.com','7유저','1');
Insert into NEXTROOM.USERS (USERNO,ID,PASSWORD,USERNAME,USERHP,EMAIL,NICKNAME,USERTYPE) values (13,'user08','user08','팔유저','010-1111-1111','user08@nate.com','8유저','1');
Insert into NEXTROOM.USERS (USERNO,ID,PASSWORD,USERNAME,USERHP,EMAIL,NICKNAME,USERTYPE) values (14,'user09','user09','구유저','010-1111-1111','user09@nate.com','9유저','1');
Insert into NEXTROOM.USERS (USERNO,ID,PASSWORD,USERNAME,USERHP,EMAIL,NICKNAME,USERTYPE) values (15,'user10','user10','십유저','010-1111-1111','user10@nate.com','10유저','1');
Insert into NEXTROOM.USERS (USERNO,ID,PASSWORD,USERNAME,USERHP,EMAIL,NICKNAME,USERTYPE) values (16,'user11','user11','십일유저','010-1111-1111','user11@nate.com','11유저','1');
Insert into NEXTROOM.USERS (USERNO,ID,PASSWORD,USERNAME,USERHP,EMAIL,NICKNAME,USERTYPE) values (17,'user12','user12','십이유저','010-1111-1111','user12@nate.com','12유저','1');
Insert into NEXTROOM.USERS (USERNO,ID,PASSWORD,USERNAME,USERHP,EMAIL,NICKNAME,USERTYPE) values (18,'user13','user13','십삼유저','010-1111-1111','user13@nate.com','13유저','1');
Insert into NEXTROOM.USERS (USERNO,ID,PASSWORD,USERNAME,USERHP,EMAIL,NICKNAME,USERTYPE) values (19,'user14','user14','십사유저','010-1111-1111','user14@nate.com','14유저','1');
Insert into NEXTROOM.USERS (USERNO,ID,PASSWORD,USERNAME,USERHP,EMAIL,NICKNAME,USERTYPE) values (20,'user15','user15','십오유저','010-1111-1111','user15@nate.com','15유저','1');
Insert into NEXTROOM.USERS (USERNO,ID,PASSWORD,USERNAME,USERHP,EMAIL,NICKNAME,USERTYPE) values (21,'user16','user16','십육유저','010-1111-1111','user016nate.com','16유저','1');
Insert into NEXTROOM.USERS (USERNO,ID,PASSWORD,USERNAME,USERHP,EMAIL,NICKNAME,USERTYPE) values (22,'user17','user17','십칠유저','010-1111-1111','user017nate.com','17유저','1');
Insert into NEXTROOM.USERS (USERNO,ID,PASSWORD,USERNAME,USERHP,EMAIL,NICKNAME,USERTYPE) values (23,'user18','user18','십팔유저','010-1111-1111','user018@nate.com','18유저','1');
Insert into NEXTROOM.USERS (USERNO,ID,PASSWORD,USERNAME,USERHP,EMAIL,NICKNAME,USERTYPE) values (24,'user19','user19','십구유저','010-1111-1111','user019@nate.com','19유저','1');
Insert into NEXTROOM.USERS (USERNO,ID,PASSWORD,USERNAME,USERHP,EMAIL,NICKNAME,USERTYPE) values (25,'admin01','admin01','일드민','010-1111-1111','admin01@nate.com','1드민','1');
Insert into NEXTROOM.USERS (USERNO,ID,PASSWORD,USERNAME,USERHP,EMAIL,NICKNAME,USERTYPE) values (26,'admin02','admin02','이드민','010-1111-1111','admin02@nate.com','2드민','1');
Insert into NEXTROOM.USERS (USERNO,ID,PASSWORD,USERNAME,USERHP,EMAIL,NICKNAME,USERTYPE) values (27,'admin03','admin03','삼드민','010-1111-1111','admin03@nate.com','3드민','1');
--------------------------------------------------------
--  DDL for Index PK_PRERECORD
--------------------------------------------------------

  CREATE UNIQUE INDEX "NEXTROOM"."PK_PRERECORD" ON "NEXTROOM"."PRERECORD" ("GAMENO") 
  PCTFREE 10 INITRANS 2 MAXTRANS 255 COMPUTE STATISTICS 
  STORAGE(INITIAL 65536 NEXT 1048576 MINEXTENTS 1 MAXEXTENTS 2147483645
  PCTINCREASE 0 FREELISTS 1 FREELIST GROUPS 1 BUFFER_POOL DEFAULT FLASH_CACHE DEFAULT CELL_FLASH_CACHE DEFAULT)
  TABLESPACE "SYSTEM" ;
--------------------------------------------------------
--  DDL for Index PK_RECORD
--------------------------------------------------------

  CREATE UNIQUE INDEX "NEXTROOM"."PK_RECORD" ON "NEXTROOM"."RECORD" ("RECORDNO") 
  PCTFREE 10 INITRANS 2 MAXTRANS 255 COMPUTE STATISTICS 
  STORAGE(INITIAL 65536 NEXT 1048576 MINEXTENTS 1 MAXEXTENTS 2147483645
  PCTINCREASE 0 FREELISTS 1 FREELIST GROUPS 1 BUFFER_POOL DEFAULT FLASH_CACHE DEFAULT CELL_FLASH_CACHE DEFAULT)
  TABLESPACE "SYSTEM" ;
--------------------------------------------------------
--  DDL for Index PK_THEMETIME
--------------------------------------------------------

  CREATE UNIQUE INDEX "NEXTROOM"."PK_THEMETIME" ON "NEXTROOM"."THEMETIME" ("THEMETIMENO") 
  PCTFREE 10 INITRANS 2 MAXTRANS 255 COMPUTE STATISTICS 
  STORAGE(INITIAL 65536 NEXT 1048576 MINEXTENTS 1 MAXEXTENTS 2147483645
  PCTINCREASE 0 FREELISTS 1 FREELIST GROUPS 1 BUFFER_POOL DEFAULT FLASH_CACHE DEFAULT CELL_FLASH_CACHE DEFAULT)
  TABLESPACE "SYSTEM" ;
--------------------------------------------------------
--  DDL for Index PK_FREEBOARD
--------------------------------------------------------

  CREATE UNIQUE INDEX "NEXTROOM"."PK_FREEBOARD" ON "NEXTROOM"."FREEBOARD" ("BOARDNO") 
  PCTFREE 10 INITRANS 2 MAXTRANS 255 COMPUTE STATISTICS 
  STORAGE(INITIAL 65536 NEXT 1048576 MINEXTENTS 1 MAXEXTENTS 2147483645
  PCTINCREASE 0 FREELISTS 1 FREELIST GROUPS 1 BUFFER_POOL DEFAULT FLASH_CACHE DEFAULT CELL_FLASH_CACHE DEFAULT)
  TABLESPACE "SYSTEM" ;
--------------------------------------------------------
--  DDL for Index PK_USERS
--------------------------------------------------------

  CREATE UNIQUE INDEX "NEXTROOM"."PK_USERS" ON "NEXTROOM"."USERS" ("USERNO") 
  PCTFREE 10 INITRANS 2 MAXTRANS 255 COMPUTE STATISTICS 
  STORAGE(INITIAL 65536 NEXT 1048576 MINEXTENTS 1 MAXEXTENTS 2147483645
  PCTINCREASE 0 FREELISTS 1 FREELIST GROUPS 1 BUFFER_POOL DEFAULT FLASH_CACHE DEFAULT CELL_FLASH_CACHE DEFAULT)
  TABLESPACE "SYSTEM" ;
--------------------------------------------------------
--  DDL for Index PK_REVIEWCOMMENT
--------------------------------------------------------

  CREATE UNIQUE INDEX "NEXTROOM"."PK_REVIEWCOMMENT" ON "NEXTROOM"."REVIEWCOMMENT" ("COMMENTNO") 
  PCTFREE 10 INITRANS 2 MAXTRANS 255 COMPUTE STATISTICS 
  STORAGE(INITIAL 65536 NEXT 1048576 MINEXTENTS 1 MAXEXTENTS 2147483645
  PCTINCREASE 0 FREELISTS 1 FREELIST GROUPS 1 BUFFER_POOL DEFAULT FLASH_CACHE DEFAULT CELL_FLASH_CACHE DEFAULT)
  TABLESPACE "SYSTEM" ;
--------------------------------------------------------
--  DDL for Index PK_THEME
--------------------------------------------------------

  CREATE UNIQUE INDEX "NEXTROOM"."PK_THEME" ON "NEXTROOM"."THEME" ("THEMENO") 
  PCTFREE 10 INITRANS 2 MAXTRANS 255 COMPUTE STATISTICS 
  STORAGE(INITIAL 65536 NEXT 1048576 MINEXTENTS 1 MAXEXTENTS 2147483645
  PCTINCREASE 0 FREELISTS 1 FREELIST GROUPS 1 BUFFER_POOL DEFAULT FLASH_CACHE DEFAULT CELL_FLASH_CACHE DEFAULT)
  TABLESPACE "SYSTEM" ;
--------------------------------------------------------
--  DDL for Index PK_RESERVEPEOPLE
--------------------------------------------------------

  CREATE UNIQUE INDEX "NEXTROOM"."PK_RESERVEPEOPLE" ON "NEXTROOM"."RESERVEPEOPLE" ("RESERVEMEMBERNO") 
  PCTFREE 10 INITRANS 2 MAXTRANS 255 COMPUTE STATISTICS 
  STORAGE(INITIAL 65536 NEXT 1048576 MINEXTENTS 1 MAXEXTENTS 2147483645
  PCTINCREASE 0 FREELISTS 1 FREELIST GROUPS 1 BUFFER_POOL DEFAULT FLASH_CACHE DEFAULT CELL_FLASH_CACHE DEFAULT)
  TABLESPACE "SYSTEM" ;
--------------------------------------------------------
--  DDL for Index PK_RESERVETIME
--------------------------------------------------------

  CREATE UNIQUE INDEX "NEXTROOM"."PK_RESERVETIME" ON "NEXTROOM"."RESERVETIME" ("RESERVETIMENO") 
  PCTFREE 10 INITRANS 2 MAXTRANS 255 COMPUTE STATISTICS 
  STORAGE(INITIAL 65536 NEXT 1048576 MINEXTENTS 1 MAXEXTENTS 2147483645
  PCTINCREASE 0 FREELISTS 1 FREELIST GROUPS 1 BUFFER_POOL DEFAULT FLASH_CACHE DEFAULT CELL_FLASH_CACHE DEFAULT)
  TABLESPACE "SYSTEM" ;
--------------------------------------------------------
--  DDL for Index PK_PARTY
--------------------------------------------------------

  CREATE UNIQUE INDEX "NEXTROOM"."PK_PARTY" ON "NEXTROOM"."PARTY" ("PARTYNO") 
  PCTFREE 10 INITRANS 2 MAXTRANS 255 COMPUTE STATISTICS 
  STORAGE(INITIAL 65536 NEXT 1048576 MINEXTENTS 1 MAXEXTENTS 2147483645
  PCTINCREASE 0 FREELISTS 1 FREELIST GROUPS 1 BUFFER_POOL DEFAULT FLASH_CACHE DEFAULT CELL_FLASH_CACHE DEFAULT)
  TABLESPACE "SYSTEM" ;
--------------------------------------------------------
--  DDL for Index PK_THMEPRICE
--------------------------------------------------------

  CREATE UNIQUE INDEX "NEXTROOM"."PK_THMEPRICE" ON "NEXTROOM"."THMEPRICE" ("THEMENO") 
  PCTFREE 10 INITRANS 2 MAXTRANS 255 COMPUTE STATISTICS 
  STORAGE(INITIAL 65536 NEXT 1048576 MINEXTENTS 1 MAXEXTENTS 2147483645
  PCTINCREASE 0 FREELISTS 1 FREELIST GROUPS 1 BUFFER_POOL DEFAULT FLASH_CACHE DEFAULT CELL_FLASH_CACHE DEFAULT)
  TABLESPACE "SYSTEM" ;
--------------------------------------------------------
--  DDL for Index PK_REVIEW
--------------------------------------------------------

  CREATE UNIQUE INDEX "NEXTROOM"."PK_REVIEW" ON "NEXTROOM"."REVIEW" ("REVIEWNO") 
  PCTFREE 10 INITRANS 2 MAXTRANS 255 COMPUTE STATISTICS 
  STORAGE(INITIAL 65536 NEXT 1048576 MINEXTENTS 1 MAXEXTENTS 2147483645
  PCTINCREASE 0 FREELISTS 1 FREELIST GROUPS 1 BUFFER_POOL DEFAULT FLASH_CACHE DEFAULT CELL_FLASH_CACHE DEFAULT)
  TABLESPACE "SYSTEM" ;
--------------------------------------------------------
--  DDL for Index PK_RESERVE
--------------------------------------------------------

  CREATE UNIQUE INDEX "NEXTROOM"."PK_RESERVE" ON "NEXTROOM"."RESERVE" ("RESERVENO") 
  PCTFREE 10 INITRANS 2 MAXTRANS 255 COMPUTE STATISTICS 
  STORAGE(INITIAL 65536 NEXT 1048576 MINEXTENTS 1 MAXEXTENTS 2147483645
  PCTINCREASE 0 FREELISTS 1 FREELIST GROUPS 1 BUFFER_POOL DEFAULT FLASH_CACHE DEFAULT CELL_FLASH_CACHE DEFAULT)
  TABLESPACE "SYSTEM" ;
--------------------------------------------------------
--  DDL for Index PK_RESERVEDATE
--------------------------------------------------------

  CREATE UNIQUE INDEX "NEXTROOM"."PK_RESERVEDATE" ON "NEXTROOM"."RESERVEDATE" ("RESERVEDATENO") 
  PCTFREE 10 INITRANS 2 MAXTRANS 255 COMPUTE STATISTICS 
  STORAGE(INITIAL 65536 NEXT 1048576 MINEXTENTS 1 MAXEXTENTS 2147483645
  PCTINCREASE 0 FREELISTS 1 FREELIST GROUPS 1 BUFFER_POOL DEFAULT FLASH_CACHE DEFAULT CELL_FLASH_CACHE DEFAULT)
  TABLESPACE "SYSTEM" ;
--------------------------------------------------------
--  DDL for Index PK_CAFE
--------------------------------------------------------

  CREATE UNIQUE INDEX "NEXTROOM"."PK_CAFE" ON "NEXTROOM"."CAFE" ("CAFENO") 
  PCTFREE 10 INITRANS 2 MAXTRANS 255 COMPUTE STATISTICS 
  STORAGE(INITIAL 65536 NEXT 1048576 MINEXTENTS 1 MAXEXTENTS 2147483645
  PCTINCREASE 0 FREELISTS 1 FREELIST GROUPS 1 BUFFER_POOL DEFAULT FLASH_CACHE DEFAULT CELL_FLASH_CACHE DEFAULT)
  TABLESPACE "SYSTEM" ;
--------------------------------------------------------
--  DDL for Index UIX_USERS
--------------------------------------------------------

  CREATE UNIQUE INDEX "NEXTROOM"."UIX_USERS" ON "NEXTROOM"."USERS" ("ID", "NICKNAME", "EMAIL") 
  PCTFREE 10 INITRANS 2 MAXTRANS 255 COMPUTE STATISTICS 
  STORAGE(INITIAL 65536 NEXT 1048576 MINEXTENTS 1 MAXEXTENTS 2147483645
  PCTINCREASE 0 FREELISTS 1 FREELIST GROUPS 1 BUFFER_POOL DEFAULT FLASH_CACHE DEFAULT CELL_FLASH_CACHE DEFAULT)
  TABLESPACE "SYSTEM" ;
--------------------------------------------------------
--  DDL for Index PK_BOARDCOMMENT
--------------------------------------------------------

  CREATE UNIQUE INDEX "NEXTROOM"."PK_BOARDCOMMENT" ON "NEXTROOM"."BOARDCOMMENT" ("COMMENTNO") 
  PCTFREE 10 INITRANS 2 MAXTRANS 255 COMPUTE STATISTICS 
  STORAGE(INITIAL 65536 NEXT 1048576 MINEXTENTS 1 MAXEXTENTS 2147483645
  PCTINCREASE 0 FREELISTS 1 FREELIST GROUPS 1 BUFFER_POOL DEFAULT FLASH_CACHE DEFAULT CELL_FLASH_CACHE DEFAULT)
  TABLESPACE "SYSTEM" ;
--------------------------------------------------------
--  Constraints for Table FREEBOARD
--------------------------------------------------------

  ALTER TABLE "NEXTROOM"."FREEBOARD" ADD CONSTRAINT "PK_FREEBOARD" PRIMARY KEY ("BOARDNO")
  USING INDEX PCTFREE 10 INITRANS 2 MAXTRANS 255 COMPUTE STATISTICS 
  STORAGE(INITIAL 65536 NEXT 1048576 MINEXTENTS 1 MAXEXTENTS 2147483645
  PCTINCREASE 0 FREELISTS 1 FREELIST GROUPS 1 BUFFER_POOL DEFAULT FLASH_CACHE DEFAULT CELL_FLASH_CACHE DEFAULT)
  TABLESPACE "SYSTEM"  ENABLE;
  ALTER TABLE "NEXTROOM"."FREEBOARD" MODIFY ("USERNO" NOT NULL ENABLE);
  ALTER TABLE "NEXTROOM"."FREEBOARD" MODIFY ("BOARDNO" NOT NULL ENABLE);
--------------------------------------------------------
--  Constraints for Table THEMEPRICE
--------------------------------------------------------

  ALTER TABLE "NEXTROOM"."THEMEPRICE" MODIFY ("THEMENO" NOT NULL ENABLE);
--------------------------------------------------------
--  Constraints for Table REVIEW
--------------------------------------------------------

  ALTER TABLE "NEXTROOM"."REVIEW" ADD CONSTRAINT "PK_REVIEW" PRIMARY KEY ("REVIEWNO")
  USING INDEX PCTFREE 10 INITRANS 2 MAXTRANS 255 COMPUTE STATISTICS 
  STORAGE(INITIAL 65536 NEXT 1048576 MINEXTENTS 1 MAXEXTENTS 2147483645
  PCTINCREASE 0 FREELISTS 1 FREELIST GROUPS 1 BUFFER_POOL DEFAULT FLASH_CACHE DEFAULT CELL_FLASH_CACHE DEFAULT)
  TABLESPACE "SYSTEM"  ENABLE;
--------------------------------------------------------
--  Constraints for Table THMEPRICE
--------------------------------------------------------

  ALTER TABLE "NEXTROOM"."THMEPRICE" ADD CONSTRAINT "PK_THMEPRICE" PRIMARY KEY ("THEMENO")
  USING INDEX PCTFREE 10 INITRANS 2 MAXTRANS 255 COMPUTE STATISTICS 
  STORAGE(INITIAL 65536 NEXT 1048576 MINEXTENTS 1 MAXEXTENTS 2147483645
  PCTINCREASE 0 FREELISTS 1 FREELIST GROUPS 1 BUFFER_POOL DEFAULT FLASH_CACHE DEFAULT CELL_FLASH_CACHE DEFAULT)
  TABLESPACE "SYSTEM"  ENABLE;
  ALTER TABLE "NEXTROOM"."THMEPRICE" MODIFY ("THEMENO" NOT NULL ENABLE);
--------------------------------------------------------
--  Constraints for Table RESERVE
--------------------------------------------------------

  ALTER TABLE "NEXTROOM"."RESERVE" ADD CONSTRAINT "PK_RESERVE" PRIMARY KEY ("RESERVENO")
  USING INDEX PCTFREE 10 INITRANS 2 MAXTRANS 255 COMPUTE STATISTICS 
  STORAGE(INITIAL 65536 NEXT 1048576 MINEXTENTS 1 MAXEXTENTS 2147483645
  PCTINCREASE 0 FREELISTS 1 FREELIST GROUPS 1 BUFFER_POOL DEFAULT FLASH_CACHE DEFAULT CELL_FLASH_CACHE DEFAULT)
  TABLESPACE "SYSTEM"  ENABLE;
  ALTER TABLE "NEXTROOM"."RESERVE" MODIFY ("RESERVETIMENO" NOT NULL ENABLE);
  ALTER TABLE "NEXTROOM"."RESERVE" MODIFY ("RESERVENO" NOT NULL ENABLE);
--------------------------------------------------------
--  Constraints for Table REVIEWCOMMENT
--------------------------------------------------------

  ALTER TABLE "NEXTROOM"."REVIEWCOMMENT" MODIFY ("COMMENTNO" NOT NULL ENABLE);
  ALTER TABLE "NEXTROOM"."REVIEWCOMMENT" MODIFY ("REVIEWNO" NOT NULL ENABLE);
  ALTER TABLE "NEXTROOM"."REVIEWCOMMENT" MODIFY ("USERNO" NOT NULL ENABLE);
  ALTER TABLE "NEXTROOM"."REVIEWCOMMENT" ADD CONSTRAINT "PK_REVIEWCOMMENT" PRIMARY KEY ("COMMENTNO")
  USING INDEX PCTFREE 10 INITRANS 2 MAXTRANS 255 COMPUTE STATISTICS 
  STORAGE(INITIAL 65536 NEXT 1048576 MINEXTENTS 1 MAXEXTENTS 2147483645
  PCTINCREASE 0 FREELISTS 1 FREELIST GROUPS 1 BUFFER_POOL DEFAULT FLASH_CACHE DEFAULT CELL_FLASH_CACHE DEFAULT)
  TABLESPACE "SYSTEM"  ENABLE;
--------------------------------------------------------
--  Constraints for Table CAFE
--------------------------------------------------------

  ALTER TABLE "NEXTROOM"."CAFE" MODIFY ("CAFENO" NOT NULL ENABLE);
  ALTER TABLE "NEXTROOM"."CAFE" MODIFY ("USERNO" NOT NULL ENABLE);
  ALTER TABLE "NEXTROOM"."CAFE" ADD CONSTRAINT "PK_CAFE" PRIMARY KEY ("CAFENO")
  USING INDEX PCTFREE 10 INITRANS 2 MAXTRANS 255 COMPUTE STATISTICS 
  STORAGE(INITIAL 65536 NEXT 1048576 MINEXTENTS 1 MAXEXTENTS 2147483645
  PCTINCREASE 0 FREELISTS 1 FREELIST GROUPS 1 BUFFER_POOL DEFAULT FLASH_CACHE DEFAULT CELL_FLASH_CACHE DEFAULT)
  TABLESPACE "SYSTEM"  ENABLE;
--------------------------------------------------------
--  Constraints for Table PARTYAPPLICANT
--------------------------------------------------------

  ALTER TABLE "NEXTROOM"."PARTYAPPLICANT" MODIFY ("PARTYNO" NOT NULL ENABLE);
  ALTER TABLE "NEXTROOM"."PARTYAPPLICANT" MODIFY ("USERNO" NOT NULL ENABLE);
--------------------------------------------------------
--  Constraints for Table PARTYDETAIL
--------------------------------------------------------

  ALTER TABLE "NEXTROOM"."PARTYDETAIL" MODIFY ("PARTYNO" NOT NULL ENABLE);
  ALTER TABLE "NEXTROOM"."PARTYDETAIL" MODIFY ("USERNO" NOT NULL ENABLE);
  ALTER TABLE "NEXTROOM"."PARTYDETAIL" MODIFY ("USERSTATE" NOT NULL ENABLE);
--------------------------------------------------------
--  Constraints for Table USERS
--------------------------------------------------------

  ALTER TABLE "NEXTROOM"."USERS" MODIFY ("USERNO" NOT NULL ENABLE);
  ALTER TABLE "NEXTROOM"."USERS" MODIFY ("ID" NOT NULL ENABLE);
  ALTER TABLE "NEXTROOM"."USERS" MODIFY ("PASSWORD" NOT NULL ENABLE);
  ALTER TABLE "NEXTROOM"."USERS" MODIFY ("USERNAME" NOT NULL ENABLE);
  ALTER TABLE "NEXTROOM"."USERS" MODIFY ("NICKNAME" NOT NULL ENABLE);
  ALTER TABLE "NEXTROOM"."USERS" ADD CONSTRAINT "PK_USERS" PRIMARY KEY ("USERNO")
  USING INDEX PCTFREE 10 INITRANS 2 MAXTRANS 255 COMPUTE STATISTICS 
  STORAGE(INITIAL 65536 NEXT 1048576 MINEXTENTS 1 MAXEXTENTS 2147483645
  PCTINCREASE 0 FREELISTS 1 FREELIST GROUPS 1 BUFFER_POOL DEFAULT FLASH_CACHE DEFAULT CELL_FLASH_CACHE DEFAULT)
  TABLESPACE "SYSTEM"  ENABLE;
  ALTER TABLE "NEXTROOM"."USERS" ADD CONSTRAINT "PK_USERS" PRIMARY KEY ("USERNO")
  USING INDEX PCTFREE 10 INITRANS 2 MAXTRANS 255 COMPUTE STATISTICS 
  STORAGE(INITIAL 65536 NEXT 1048576 MINEXTENTS 1 MAXEXTENTS 2147483645
  PCTINCREASE 0 FREELISTS 1 FREELIST GROUPS 1 BUFFER_POOL DEFAULT FLASH_CACHE DEFAULT CELL_FLASH_CACHE DEFAULT)
  TABLESPACE "SYSTEM"  ENABLE;
--------------------------------------------------------
--  Constraints for Table PRERECORD
--------------------------------------------------------

  ALTER TABLE "NEXTROOM"."PRERECORD" MODIFY ("GAMENO" NOT NULL ENABLE);
  ALTER TABLE "NEXTROOM"."PRERECORD" MODIFY ("THEMENO" NOT NULL ENABLE);
  ALTER TABLE "NEXTROOM"."PRERECORD" ADD CONSTRAINT "PK_PRERECORD" PRIMARY KEY ("GAMENO")
  USING INDEX PCTFREE 10 INITRANS 2 MAXTRANS 255 COMPUTE STATISTICS 
  STORAGE(INITIAL 65536 NEXT 1048576 MINEXTENTS 1 MAXEXTENTS 2147483645
  PCTINCREASE 0 FREELISTS 1 FREELIST GROUPS 1 BUFFER_POOL DEFAULT FLASH_CACHE DEFAULT CELL_FLASH_CACHE DEFAULT)
  TABLESPACE "SYSTEM"  ENABLE;
--------------------------------------------------------
--  Constraints for Table PARTY
--------------------------------------------------------

  ALTER TABLE "NEXTROOM"."PARTY" MODIFY ("PARTYNO" NOT NULL ENABLE);
  ALTER TABLE "NEXTROOM"."PARTY" MODIFY ("CAFENO" NOT NULL ENABLE);
  ALTER TABLE "NEXTROOM"."PARTY" MODIFY ("THEMENO" NOT NULL ENABLE);
--------------------------------------------------------
--  Constraints for Table THEME
--------------------------------------------------------

  ALTER TABLE "NEXTROOM"."THEME" MODIFY ("STATE" NOT NULL ENABLE);
--------------------------------------------------------
--  Constraints for Table RANKRATING
--------------------------------------------------------

  ALTER TABLE "NEXTROOM"."RANKRATING" MODIFY ("USERNO" NOT NULL ENABLE);
--------------------------------------------------------
--  Constraints for Table GENRE
--------------------------------------------------------

  ALTER TABLE "NEXTROOM"."GENRE" MODIFY ("GENRE" NOT NULL ENABLE);
--------------------------------------------------------
--  Constraints for Table INTERIORIMG
--------------------------------------------------------

  ALTER TABLE "NEXTROOM"."INTERIORIMG" ADD PRIMARY KEY ("INTERIORNO")
  USING INDEX PCTFREE 10 INITRANS 2 MAXTRANS 255 COMPUTE STATISTICS 
  STORAGE(INITIAL 65536 NEXT 1048576 MINEXTENTS 1 MAXEXTENTS 2147483645
  PCTINCREASE 0 FREELISTS 1 FREELIST GROUPS 1 BUFFER_POOL DEFAULT FLASH_CACHE DEFAULT CELL_FLASH_CACHE DEFAULT)
  TABLESPACE "SYSTEM"  ENABLE;
--------------------------------------------------------
--  Constraints for Table BOARDCOMMENT
--------------------------------------------------------

  ALTER TABLE "NEXTROOM"."BOARDCOMMENT" ADD CONSTRAINT "PK_BOARDCOMMENT" PRIMARY KEY ("COMMENTNO")
  USING INDEX PCTFREE 10 INITRANS 2 MAXTRANS 255 COMPUTE STATISTICS 
  STORAGE(INITIAL 65536 NEXT 1048576 MINEXTENTS 1 MAXEXTENTS 2147483645
  PCTINCREASE 0 FREELISTS 1 FREELIST GROUPS 1 BUFFER_POOL DEFAULT FLASH_CACHE DEFAULT CELL_FLASH_CACHE DEFAULT)
  TABLESPACE "SYSTEM"  ENABLE;
  ALTER TABLE "NEXTROOM"."BOARDCOMMENT" MODIFY ("USERNO" NOT NULL ENABLE);
  ALTER TABLE "NEXTROOM"."BOARDCOMMENT" MODIFY ("BOARDNO" NOT NULL ENABLE);
  ALTER TABLE "NEXTROOM"."BOARDCOMMENT" MODIFY ("COMMENTNO" NOT NULL ENABLE);
--------------------------------------------------------
--  Ref Constraints for Table FREEBOARD
--------------------------------------------------------

  ALTER TABLE "NEXTROOM"."FREEBOARD" ADD CONSTRAINT "FK_USERS_TO_FREEBOARD" FOREIGN KEY ("USERNO")
	  REFERENCES "NEXTROOM"."USERS" ("USERNO") ENABLE;
--------------------------------------------------------
--  Ref Constraints for Table INTERIORIMG
--------------------------------------------------------

  ALTER TABLE "NEXTROOM"."INTERIORIMG" ADD CONSTRAINT "CAFENO" FOREIGN KEY ("CAFENO")
	  REFERENCES "NEXTROOM"."CAFE" ("CAFENO") ENABLE;
--------------------------------------------------------
--  Ref Constraints for Table RANKRATING
--------------------------------------------------------

  ALTER TABLE "NEXTROOM"."RANKRATING" ADD CONSTRAINT "FK_USERS_TO_RANKRATING" FOREIGN KEY ("USERNO")
	  REFERENCES "NEXTROOM"."USERS" ("USERNO") ENABLE;
--------------------------------------------------------
--  Ref Constraints for Table RESERVE
--------------------------------------------------------

  ALTER TABLE "NEXTROOM"."RESERVE" ADD CONSTRAINT "FK_USERS_TO_RESERVE" FOREIGN KEY ("USERNO")
	  REFERENCES "NEXTROOM"."USERS" ("USERNO") ENABLE;
--------------------------------------------------------
--  Ref Constraints for Table REVIEWCOMMENT
--------------------------------------------------------

  ALTER TABLE "NEXTROOM"."REVIEWCOMMENT" ADD CONSTRAINT "FK_REVIEW_TO_REVIEWCOMMENT" FOREIGN KEY ("REVIEWNO")
	  REFERENCES "NEXTROOM"."REVIEW" ("REVIEWNO") ENABLE;
  ALTER TABLE "NEXTROOM"."REVIEWCOMMENT" ADD CONSTRAINT "FK_USERS_TO_REVIEWCOMMENT" FOREIGN KEY ("USERNO")
	  REFERENCES "NEXTROOM"."USERS" ("USERNO") ENABLE;
--------------------------------------------------------
--  Ref Constraints for Table BOARDCOMMENT
--------------------------------------------------------

  ALTER TABLE "NEXTROOM"."BOARDCOMMENT" ADD CONSTRAINT "FK_FREEBOARD_TO_BOARDCOMMENT" FOREIGN KEY ("BOARDNO")
	  REFERENCES "NEXTROOM"."FREEBOARD" ("BOARDNO") ENABLE;
  ALTER TABLE "NEXTROOM"."BOARDCOMMENT" ADD CONSTRAINT "FK_USERS_TO_BOARDCOMMENT" FOREIGN KEY ("USERNO")
	  REFERENCES "NEXTROOM"."USERS" ("USERNO") ENABLE;	  

