DROP SEQUENCE userNO;
DROP SEQUENCE cafeNo;
DROP SEQUENCE themeNo;
DROP SEQUENCE partyNo;
DROP SEQUENCE reserveDateNo;
DROP SEQUENCE reserveTimeNo;
DROP SEQUENCE reserveNo;
DROP SEQUENCE reserveMemberNo;
DROP SEQUENCE reviewNo;
DROP SEQUENCE recordNo;
DROP SEQUENCE gameNo;
DROP SEQUENCE themeTimeNo;
DROP SEQUENCE boardNo;

ALTER TABLE users
   DROP
      UNIQUE (
         id,
         nickname,
         email
      )
      CASCADE
      KEEP INDEX;

DROP INDEX UIX_users;

DROP INDEX PK_users;

DROP TABLE users 
   CASCADE CONSTRAINTS;
   
   DROP INDEX PK_cafe;

/* 카페 */
DROP TABLE cafe 
   CASCADE CONSTRAINTS;
   
   
   DROP INDEX PK_theme;

/* 테마 */
DROP TABLE theme 
   CASCADE CONSTRAINTS;
   
   
   DROP TABLE party 
    CASCADE CONSTRAINTS;
    
    DROP TABLE themePrice 
   CASCADE CONSTRAINTS;
    
    
    DROP INDEX PK_themeTime;

/* 새 테이블5 */
DROP TABLE themeTime 
   CASCADE CONSTRAINTS;
    

    DROP INDEX PK_review;

/* 후기게시판 */
DROP TABLE review 
   CASCADE CONSTRAINTS;
   
   DROP INDEX PK_reserveDate;

/* 예약날짜 */
DROP TABLE reserveDate 
   CASCADE CONSTRAINTS;
   

   DROP INDEX PK_reserveTime;

/* 예약시간 */
DROP TABLE reserveTime 
   CASCADE CONSTRAINTS;
    

    DROP INDEX PK_reserve;

/* 예약정보 */
DROP TABLE reserve 
   CASCADE CONSTRAINTS;
    

    DROP INDEX PK_reservePeople;

/* 예약회원 */
DROP TABLE reservePeople 
   CASCADE CONSTRAINTS;
   

   DROP INDEX PK_partyApplicant;

/* 파티지원맴버 */
DROP TABLE partyApplicant 
   CASCADE CONSTRAINTS;
   

   DROP INDEX PK_partyDetail;

/* 파티승인맴버 */
DROP TABLE partyDetail 
   CASCADE CONSTRAINTS;
   

   /* 카페이미지 */
DROP TABLE interiorImg 
   CASCADE CONSTRAINTS;
   

   DROP INDEX PK_preRecord;

/* 게임정보 */
DROP TABLE preRecord 
   CASCADE CONSTRAINTS;
    

    
    DROP INDEX PK_record;

/* 개인별경기기록 */
DROP TABLE record 
   CASCADE CONSTRAINTS;


/* 레이팅 */
DROP TABLE rankRating 
	CASCADE CONSTRAINTS;
	
/* 자유게시판 */
DROP TABLE freeBoard 
	CASCADE CONSTRAINTS;
   
/* 자유게시판 이미지 */
DROP TABLE FREEBOARDIMG 
	CASCADE CONSTRAINTS;  
   





--------------------------------------------------------
--  파일이 생성됨 - 토요일-10월-02-2021   
--------------------------------------------------------
--------------------------------------------------------
--  DDL for Sequence CAFENO
--------------------------------------------------------

   CREATE SEQUENCE  "NEXTROOM"."CAFENO"  MINVALUE 1 MAXVALUE 9999999999999999999999999999 INCREMENT BY 1 START WITH 5 NOCACHE  NOORDER  NOCYCLE ;
--------------------------------------------------------
--  DDL for Sequence GAMENO
--------------------------------------------------------

   CREATE SEQUENCE  "NEXTROOM"."GAMENO"  MINVALUE 1 MAXVALUE 9999999999999999999999999999 INCREMENT BY 1 START WITH 3 NOCACHE  NOORDER  NOCYCLE ;
--------------------------------------------------------
--  DDL for Sequence PARTYNO
--------------------------------------------------------

   CREATE SEQUENCE  "NEXTROOM"."PARTYNO"  MINVALUE 1 MAXVALUE 9999999999999999999999999999 INCREMENT BY 1 START WITH 2 NOCACHE  NOORDER  NOCYCLE ;
--------------------------------------------------------
--  DDL for Sequence RECORDNO
--------------------------------------------------------

   CREATE SEQUENCE  "NEXTROOM"."RECORDNO"  MINVALUE 1 MAXVALUE 9999999999999999999999999999 INCREMENT BY 1 START WITH 1 NOCACHE  NOORDER  NOCYCLE ;
--------------------------------------------------------
--  DDL for Sequence RESERVEDATENO
--------------------------------------------------------

   CREATE SEQUENCE  "NEXTROOM"."RESERVEDATENO"  MINVALUE 1 MAXVALUE 9999999999999999999999999999 INCREMENT BY 1 START WITH 7 NOCACHE  NOORDER  NOCYCLE ;
--------------------------------------------------------
--  DDL for Sequence RESERVEMEMBERNO
--------------------------------------------------------

   CREATE SEQUENCE  "NEXTROOM"."RESERVEMEMBERNO"  MINVALUE 1 MAXVALUE 9999999999999999999999999999 INCREMENT BY 1 START WITH 8 NOCACHE  NOORDER  NOCYCLE ;
--------------------------------------------------------
--  DDL for Sequence RESERVENO
--------------------------------------------------------

   CREATE SEQUENCE  "NEXTROOM"."RESERVENO"  MINVALUE 1 MAXVALUE 9999999999999999999999999999 INCREMENT BY 1 START WITH 8 NOCACHE  NOORDER  NOCYCLE ;
--------------------------------------------------------
--  DDL for Sequence RESERVETIMENO
--------------------------------------------------------

   CREATE SEQUENCE  "NEXTROOM"."RESERVETIMENO"  MINVALUE 1 MAXVALUE 9999999999999999999999999999 INCREMENT BY 1 START WITH 25 NOCACHE  NOORDER  NOCYCLE ;
--------------------------------------------------------
--  DDL for Sequence REVIEWNO
--------------------------------------------------------

   CREATE SEQUENCE  "NEXTROOM"."REVIEWNO"  MINVALUE 1 MAXVALUE 9999999999999999999999999999 INCREMENT BY 1 START WITH 2 NOCACHE  NOORDER  NOCYCLE ;
--------------------------------------------------------
--  DDL for Sequence THEMENO
--------------------------------------------------------

   CREATE SEQUENCE  "NEXTROOM"."THEMENO"  MINVALUE 1 MAXVALUE 9999999999999999999999999999 INCREMENT BY 1 START WITH 22 NOCACHE  NOORDER  NOCYCLE ;
--------------------------------------------------------
--  DDL for Sequence THEMETIMENO
--------------------------------------------------------

   CREATE SEQUENCE  "NEXTROOM"."THEMETIMENO"  MINVALUE 1 MAXVALUE 9999999999999999999999999999 INCREMENT BY 1 START WITH 13 NOCACHE  NOORDER  NOCYCLE ;
--------------------------------------------------------
--  DDL for Sequence USERNO
--------------------------------------------------------

   CREATE SEQUENCE  "NEXTROOM"."USERNO"  MINVALUE 1 MAXVALUE 9999999999999999999999999999 INCREMENT BY 1 START WITH 6 NOCACHE  NOORDER  NOCYCLE ;
   
--------------------------------------------------------
--  DDL for Sequence BOARDNO
--------------------------------------------------------

   CREATE SEQUENCE  "NEXTROOM"."BOARDNO"  MINVALUE 1 MAXVALUE 9999999999999999999999999999 INCREMENT BY 1 START WITH 2 NOCACHE  NOORDER  NOCYCLE ;
   
--------------------------------------------------------
--  DDL for Sequence BOARDNO
--------------------------------------------------------

   CREATE SEQUENCE  "NEXTROOM"."BOARDNO"  MINVALUE 1 MAXVALUE 9999999999999999999999999999 INCREMENT BY 1 START WITH 6 NOCACHE  NOORDER  NOCYCLE ;   
   
--------------------------------------------------------
--  DDL for Table CAFE
--------------------------------------------------------

  CREATE TABLE "NEXTROOM"."CAFE" 
   (	"CAFENO" NUMBER, 
	"USERNO" NUMBER, 
	"CAFENAME" VARCHAR2(50 BYTE), 
	"CAFEHP" VARCHAR2(20 BYTE), 
	"OPENTIME" VARCHAR2(20 BYTE), 
	"CLOSETIME" VARCHAR2(20 BYTE), 
	"CAFEINTRO" VARCHAR2(2000 BYTE), 
	"URL" VARCHAR2(200 BYTE), 
	"CAFEIMG" VARCHAR2(200 BYTE), 
	"POSTCODE" VARCHAR2(100 BYTE), 
	"ADDRESS" VARCHAR2(500 BYTE), 
	"ADDRESSDETAIL" VARCHAR2(500 BYTE), 
	"PRINTADDRESS" VARCHAR2(500 BYTE), 
	"SIDO" VARCHAR2(50 BYTE), 
	"SIGUNGU" VARCHAR2(50 BYTE), 
	"SIDODETAIL" VARCHAR2(50 BYTE),
	"LATITUDE" VARCHAR2(200 BYTE), 
	"LONGITUDE" VARCHAR2(200 BYTE)
   ) SEGMENT CREATION IMMEDIATE 
  PCTFREE 10 PCTUSED 40 INITRANS 1 MAXTRANS 255 NOCOMPRESS LOGGING
  STORAGE(INITIAL 65536 NEXT 1048576 MINEXTENTS 1 MAXEXTENTS 2147483645
  PCTINCREASE 0 FREELISTS 1 FREELIST GROUPS 1 BUFFER_POOL DEFAULT FLASH_CACHE DEFAULT CELL_FLASH_CACHE DEFAULT)
  TABLESPACE "SYSTEM" ;

   COMMENT ON COLUMN "NEXTROOM"."CAFE"."CAFENO" IS '카페번호';
   COMMENT ON COLUMN "NEXTROOM"."CAFE"."USERNO" IS '회원번호';
   COMMENT ON COLUMN "NEXTROOM"."CAFE"."CAFENAME" IS '카페이름';
   COMMENT ON COLUMN "NEXTROOM"."CAFE"."CAFEHP" IS '카페전화번호';
   COMMENT ON COLUMN "NEXTROOM"."CAFE"."OPENTIME" IS '카페오픈시간';
   COMMENT ON COLUMN "NEXTROOM"."CAFE"."CLOSETIME" IS '카페마감시간';
   COMMENT ON COLUMN "NEXTROOM"."CAFE"."CAFEINTRO" IS '카페소개글';
   COMMENT ON COLUMN "NEXTROOM"."CAFE"."URL" IS '카페URL';
   COMMENT ON COLUMN "NEXTROOM"."CAFE"."CAFEIMG" IS '메인이미지경로';
   COMMENT ON COLUMN "NEXTROOM"."CAFE"."POSTCODE" IS '우편번호';
   COMMENT ON COLUMN "NEXTROOM"."CAFE"."ADDRESS" IS '기본주소';
   COMMENT ON COLUMN "NEXTROOM"."CAFE"."ADDRESSDETAIL" IS '상세주소';
   COMMENT ON COLUMN "NEXTROOM"."CAFE"."PRINTADDRESS" IS '출력용주소';
   COMMENT ON COLUMN "NEXTROOM"."CAFE"."SIDO" IS '---관리용주소1 시/도';
   COMMENT ON COLUMN "NEXTROOM"."CAFE"."SIGUNGU" IS '---관리용주소2 시/군/구';
   COMMENT ON COLUMN "NEXTROOM"."CAFE"."SIDODETAIL" IS '---관리용주소3 서울시/경기도만 사용';
   COMMENT ON COLUMN "NEXTROOM"."CAFE"."LATITUDE" IS '위도';
   COMMENT ON COLUMN "NEXTROOM"."CAFE"."LONGITUDE" IS '경도';
   COMMENT ON TABLE "NEXTROOM"."CAFE"  IS '카페';
--------------------------------------------------------
--  DDL for Table INTERIORIMG
--------------------------------------------------------

  CREATE TABLE "NEXTROOM"."INTERIORIMG" 
   (	"CAFENO" NUMBER, 
	"IMG" VARCHAR2(200 BYTE)
   ) SEGMENT CREATION IMMEDIATE 
  PCTFREE 10 PCTUSED 40 INITRANS 1 MAXTRANS 255 NOCOMPRESS LOGGING
  STORAGE(INITIAL 65536 NEXT 1048576 MINEXTENTS 1 MAXEXTENTS 2147483645
  PCTINCREASE 0 FREELISTS 1 FREELIST GROUPS 1 BUFFER_POOL DEFAULT FLASH_CACHE DEFAULT CELL_FLASH_CACHE DEFAULT)
  TABLESPACE "SYSTEM" ;

   COMMENT ON COLUMN "NEXTROOM"."INTERIORIMG"."CAFENO" IS '카페번호';
   COMMENT ON COLUMN "NEXTROOM"."INTERIORIMG"."IMG" IS '인테리어이미지경로';
   COMMENT ON TABLE "NEXTROOM"."INTERIORIMG"  IS '카페이미지';
--------------------------------------------------------
--  DDL for Table PARTY
--------------------------------------------------------

  CREATE TABLE "NEXTROOM"."PARTY" 
   (	"PARTYNO" NUMBER, 
	"USERNO" NUMBER, 
	"RESERVEDATENO" NUMBER, 
	"RESERVEDATE" DATE, 
	"CAFENO" NUMBER, 
	"THEMENO" NUMBER, 
	"RESERVETIMENO" NUMBER, 
	"THEMETIME" VARCHAR2(20),
	"THEMETIMENO" NUMBER,
	"RESERVEPERSON" NUMBER, 
	"CONTENT" VARCHAR2(2000 BYTE), 
	"PARTYSTATE" VARCHAR2(20 BYTE)
   ) SEGMENT CREATION IMMEDIATE 
  PCTFREE 10 PCTUSED 40 INITRANS 1 MAXTRANS 255 NOCOMPRESS LOGGING
  STORAGE(INITIAL 65536 NEXT 1048576 MINEXTENTS 1 MAXEXTENTS 2147483645
  PCTINCREASE 0 FREELISTS 1 FREELIST GROUPS 1 BUFFER_POOL DEFAULT FLASH_CACHE DEFAULT CELL_FLASH_CACHE DEFAULT)
  TABLESPACE "SYSTEM" ;

   COMMENT ON COLUMN "NEXTROOM"."PARTY"."PARTYNO" IS '파티리스트번호';
   COMMENT ON COLUMN "NEXTROOM"."PARTY"."USERNO" IS '회원번호';
   COMMENT ON COLUMN "NEXTROOM"."PARTY"."RESERVEDATENO" IS '예약날짜번호';
   COMMENT ON COLUMN "NEXTROOM"."PARTY"."RESERVEDATE" IS '희망날짜';
   COMMENT ON COLUMN "NEXTROOM"."PARTY"."CAFENO" IS '카페번호';
   COMMENT ON COLUMN "NEXTROOM"."PARTY"."THEMENO" IS '테마번호';
   COMMENT ON COLUMN "NEXTROOM"."PARTY"."RESERVETIMENO" IS '예약시간번호';
   COMMENT ON COLUMN "NEXTROOM"."PARTY"."THEMETIME" IS '예약시간';
   COMMENT ON COLUMN "NEXTROOM"."PARTY"."RESERVEPERSON" IS '인원';
   COMMENT ON COLUMN "NEXTROOM"."PARTY"."CONTENT" IS '내용';
   COMMENT ON COLUMN "NEXTROOM"."PARTY"."PARTYSTATE" IS '모집상태';
   COMMENT ON TABLE "NEXTROOM"."PARTY"  IS '파티구하기';
--------------------------------------------------------
--  DDL for Table PARTYAPPLICANT
--------------------------------------------------------

  CREATE TABLE "NEXTROOM"."PARTYAPPLICANT" 
   (	"PARTYNO" NUMBER, 
	"USERNO" NUMBER
   ) SEGMENT CREATION IMMEDIATE 
  PCTFREE 10 PCTUSED 40 INITRANS 1 MAXTRANS 255 NOCOMPRESS LOGGING
  STORAGE(INITIAL 65536 NEXT 1048576 MINEXTENTS 1 MAXEXTENTS 2147483645
  PCTINCREASE 0 FREELISTS 1 FREELIST GROUPS 1 BUFFER_POOL DEFAULT FLASH_CACHE DEFAULT CELL_FLASH_CACHE DEFAULT)
  TABLESPACE "SYSTEM" ;

   COMMENT ON COLUMN "NEXTROOM"."PARTYAPPLICANT"."PARTYNO" IS '파티리스트번호';
   COMMENT ON COLUMN "NEXTROOM"."PARTYAPPLICANT"."USERNO" IS '회원번호';
   COMMENT ON TABLE "NEXTROOM"."PARTYAPPLICANT"  IS '파티지원맴버';
--------------------------------------------------------
--  DDL for Table PARTYDETAIL
--------------------------------------------------------

  CREATE TABLE "NEXTROOM"."PARTYDETAIL" 
   (	"PARTYNO" NUMBER, 
	"USERNO" NUMBER, 
	"USERSTATE" VARCHAR2(50 BYTE)
   ) SEGMENT CREATION IMMEDIATE 
  PCTFREE 10 PCTUSED 40 INITRANS 1 MAXTRANS 255 NOCOMPRESS LOGGING
  STORAGE(INITIAL 65536 NEXT 1048576 MINEXTENTS 1 MAXEXTENTS 2147483645
  PCTINCREASE 0 FREELISTS 1 FREELIST GROUPS 1 BUFFER_POOL DEFAULT FLASH_CACHE DEFAULT CELL_FLASH_CACHE DEFAULT)
  TABLESPACE "SYSTEM" ;

   COMMENT ON COLUMN "NEXTROOM"."PARTYDETAIL"."PARTYNO" IS '파티리스트번호';
   COMMENT ON COLUMN "NEXTROOM"."PARTYDETAIL"."USERNO" IS '회원번호';
   COMMENT ON COLUMN "NEXTROOM"."PARTYDETAIL"."USERSTATE" IS '유저상태';
   COMMENT ON TABLE "NEXTROOM"."PARTYDETAIL"  IS '파티승인맴버';
--------------------------------------------------------
--  DDL for Table PRERECORD
--------------------------------------------------------

  CREATE TABLE "NEXTROOM"."PRERECORD" 
   (	"GAMENO" NUMBER, 
	"THEMENO" NUMBER, 
	"RESERVENO" NUMBER, 
	"REGDATE" DATE, 
	"TOTALPERSON" NUMBER, 
	"GAMESTATE" VARCHAR2(20 BYTE)
   ) SEGMENT CREATION IMMEDIATE 
  PCTFREE 10 PCTUSED 40 INITRANS 1 MAXTRANS 255 NOCOMPRESS LOGGING
  STORAGE(INITIAL 65536 NEXT 1048576 MINEXTENTS 1 MAXEXTENTS 2147483645
  PCTINCREASE 0 FREELISTS 1 FREELIST GROUPS 1 BUFFER_POOL DEFAULT FLASH_CACHE DEFAULT CELL_FLASH_CACHE DEFAULT)
  TABLESPACE "SYSTEM" ;

   COMMENT ON COLUMN "NEXTROOM"."PRERECORD"."GAMENO" IS '게임번호';
   COMMENT ON COLUMN "NEXTROOM"."PRERECORD"."THEMENO" IS '테마번호';
   COMMENT ON COLUMN "NEXTROOM"."PRERECORD"."RESERVENO" IS '예약번호';
   COMMENT ON COLUMN "NEXTROOM"."PRERECORD"."REGDATE" IS '입실한 날짜';
   COMMENT ON COLUMN "NEXTROOM"."PRERECORD"."TOTALPERSON" IS '총인원';
   COMMENT ON COLUMN "NEXTROOM"."PRERECORD"."GAMESTATE" IS '게임상태';
   COMMENT ON TABLE "NEXTROOM"."PRERECORD"  IS '게임정보';
--------------------------------------------------------
--  DDL for Table RECORD
--------------------------------------------------------

  CREATE TABLE "NEXTROOM"."RECORD" 
   (	"RECORDNO" NUMBER, 
	"GAMENO" NUMBER, 
	"USERNO" NUMBER, 
	"RECORDTIME" NUMBER, 
	"RECORDHINTS" NUMBER, 
	"RECORDCLEAR" VARCHAR2(20 BYTE)
   ) SEGMENT CREATION IMMEDIATE 
  PCTFREE 10 PCTUSED 40 INITRANS 1 MAXTRANS 255 NOCOMPRESS LOGGING
  STORAGE(INITIAL 65536 NEXT 1048576 MINEXTENTS 1 MAXEXTENTS 2147483645
  PCTINCREASE 0 FREELISTS 1 FREELIST GROUPS 1 BUFFER_POOL DEFAULT FLASH_CACHE DEFAULT CELL_FLASH_CACHE DEFAULT)
  TABLESPACE "SYSTEM" ;

   COMMENT ON COLUMN "NEXTROOM"."RECORD"."RECORDNO" IS '경기기록번호';
   COMMENT ON COLUMN "NEXTROOM"."RECORD"."GAMENO" IS '게임번호';
   COMMENT ON COLUMN "NEXTROOM"."RECORD"."USERNO" IS '회원번호';
   COMMENT ON COLUMN "NEXTROOM"."RECORD"."RECORDTIME" IS '기록시간';
   COMMENT ON COLUMN "NEXTROOM"."RECORD"."RECORDHINTS" IS '힌트수';
   COMMENT ON COLUMN "NEXTROOM"."RECORD"."RECORDCLEAR" IS '성공여부';
   COMMENT ON TABLE "NEXTROOM"."RECORD"  IS '개인별경기기록';
   
 --------------------------------------------------------
--  DDL for Table RANKRATING
--------------------------------------------------------

  CREATE TABLE "NEXTROOM"."RANKRATING" 
   (   "USERNO" NUMBER, 
   "USERRATING" NUMBER, 
   "WINRATE" NUMBER, 
   "NOHINTWINRATE" NUMBER, 
   "SHOWAVGCLEARTIME" VARCHAR2(30 BYTE), 
   "GAMEHISTORY" VARCHAR2(50 BYTE)
   ) SEGMENT CREATION IMMEDIATE 
  PCTFREE 10 PCTUSED 40 INITRANS 1 MAXTRANS 255 NOCOMPRESS LOGGING
  STORAGE(INITIAL 65536 NEXT 1048576 MINEXTENTS 1 MAXEXTENTS 2147483645
  PCTINCREASE 0 FREELISTS 1 FREELIST GROUPS 1 BUFFER_POOL DEFAULT FLASH_CACHE DEFAULT CELL_FLASH_CACHE DEFAULT)
  TABLESPACE "SYSTEM" ;

   COMMENT ON COLUMN "NEXTROOM"."RANKRATING"."USERNO" IS '회원번호';
   COMMENT ON COLUMN "NEXTROOM"."RANKRATING"."USERRATING" IS '레이팅';
   COMMENT ON COLUMN "NEXTROOM"."RANKRATING"."WINRATE" IS '승률';
   COMMENT ON COLUMN "NEXTROOM"."RANKRATING"."NOHINTWINRATE" IS '노힌트승률';
   COMMENT ON COLUMN "NEXTROOM"."RANKRATING"."SHOWAVGCLEARTIME" IS '평균기록';
   COMMENT ON COLUMN "NEXTROOM"."RANKRATING"."GAMEHISTORY" IS '전적';
   COMMENT ON TABLE "NEXTROOM"."RANKRATING"  IS '레이팅';

   
--------------------------------------------------------
--  DDL for Table RESERVE
--------------------------------------------------------

  CREATE TABLE "NEXTROOM"."RESERVE" 
   (	"RESERVENO" NUMBER, 
	"RESERVETIMENO" NUMBER, 
	"USERNO" NUMBER, 
	"RESERVENAME" VARCHAR2(20 BYTE), 
	"RESERVEHP" VARCHAR2(20 BYTE), 
	"PAYMENT" VARCHAR2(20 BYTE), 
	"RESERVEPERSON" NUMBER, 
	"PAYMENTSTATE" NUMBER
   ) SEGMENT CREATION IMMEDIATE 
  PCTFREE 10 PCTUSED 40 INITRANS 1 MAXTRANS 255 NOCOMPRESS LOGGING
  STORAGE(INITIAL 65536 NEXT 1048576 MINEXTENTS 1 MAXEXTENTS 2147483645
  PCTINCREASE 0 FREELISTS 1 FREELIST GROUPS 1 BUFFER_POOL DEFAULT FLASH_CACHE DEFAULT CELL_FLASH_CACHE DEFAULT)
  TABLESPACE "SYSTEM" ;

   COMMENT ON COLUMN "NEXTROOM"."RESERVE"."RESERVENO" IS '예약번호';
   COMMENT ON COLUMN "NEXTROOM"."RESERVE"."RESERVETIMENO" IS '예약시간번호';
   COMMENT ON COLUMN "NEXTROOM"."RESERVE"."USERNO" IS '예악하는 계정의 회원번호';
   COMMENT ON COLUMN "NEXTROOM"."RESERVE"."RESERVENAME" IS '예약자이름';
   COMMENT ON COLUMN "NEXTROOM"."RESERVE"."RESERVEHP" IS '핸드폰번호';
   COMMENT ON COLUMN "NEXTROOM"."RESERVE"."PAYMENT" IS '결제금액';
   COMMENT ON COLUMN "NEXTROOM"."RESERVE"."RESERVEPERSON" IS '예약인원';
   COMMENT ON COLUMN "NEXTROOM"."RESERVE"."PAYMENTSTATE" IS '결제상태';
   COMMENT ON TABLE "NEXTROOM"."RESERVE"  IS '예약정보';
--------------------------------------------------------
--  DDL for Table RESERVEDATE
--------------------------------------------------------

  CREATE TABLE "NEXTROOM"."RESERVEDATE" 
   (	"RESERVEDATENO" NUMBER, 
	"THEMENO" NUMBER, 
	"RESERVEDATE" DATE
   ) SEGMENT CREATION IMMEDIATE 
  PCTFREE 10 PCTUSED 40 INITRANS 1 MAXTRANS 255 NOCOMPRESS LOGGING
  STORAGE(INITIAL 65536 NEXT 1048576 MINEXTENTS 1 MAXEXTENTS 2147483645
  PCTINCREASE 0 FREELISTS 1 FREELIST GROUPS 1 BUFFER_POOL DEFAULT FLASH_CACHE DEFAULT CELL_FLASH_CACHE DEFAULT)
  TABLESPACE "SYSTEM" ;

   COMMENT ON COLUMN "NEXTROOM"."RESERVEDATE"."RESERVEDATENO" IS '예약날짜번호';
   COMMENT ON COLUMN "NEXTROOM"."RESERVEDATE"."THEMENO" IS '테마번호';
   COMMENT ON COLUMN "NEXTROOM"."RESERVEDATE"."RESERVEDATE" IS '예약날짜';
   COMMENT ON TABLE "NEXTROOM"."RESERVEDATE"  IS '예약날짜';
--------------------------------------------------------
--  DDL for Table RESERVEPEOPLE
--------------------------------------------------------

  CREATE TABLE "NEXTROOM"."RESERVEPEOPLE" 
   (	"RESERVEMEMBERNO" NUMBER, 
	"RESERVENO" NUMBER, 
	"USERNO" NUMBER
   ) SEGMENT CREATION IMMEDIATE 
  PCTFREE 10 PCTUSED 40 INITRANS 1 MAXTRANS 255 NOCOMPRESS LOGGING
  STORAGE(INITIAL 65536 NEXT 1048576 MINEXTENTS 1 MAXEXTENTS 2147483645
  PCTINCREASE 0 FREELISTS 1 FREELIST GROUPS 1 BUFFER_POOL DEFAULT FLASH_CACHE DEFAULT CELL_FLASH_CACHE DEFAULT)
  TABLESPACE "SYSTEM" ;

   COMMENT ON COLUMN "NEXTROOM"."RESERVEPEOPLE"."RESERVEMEMBERNO" IS '예약맴버번호';
   COMMENT ON COLUMN "NEXTROOM"."RESERVEPEOPLE"."RESERVENO" IS '예약번호';
   COMMENT ON COLUMN "NEXTROOM"."RESERVEPEOPLE"."USERNO" IS '회원번호';
   COMMENT ON TABLE "NEXTROOM"."RESERVEPEOPLE"  IS '예약회원';
--------------------------------------------------------
--  DDL for Table RESERVETIME
--------------------------------------------------------

  CREATE TABLE "NEXTROOM"."RESERVETIME" 
   (	"RESERVETIMENO" NUMBER, 
	"RESERVEDATENO" NUMBER, 
	"RESERVETIME" VARCHAR2(20 BYTE), 
	"RESERVESTATE" NUMBER
   ) SEGMENT CREATION IMMEDIATE 
  PCTFREE 10 PCTUSED 40 INITRANS 1 MAXTRANS 255 NOCOMPRESS LOGGING
  STORAGE(INITIAL 65536 NEXT 1048576 MINEXTENTS 1 MAXEXTENTS 2147483645
  PCTINCREASE 0 FREELISTS 1 FREELIST GROUPS 1 BUFFER_POOL DEFAULT FLASH_CACHE DEFAULT CELL_FLASH_CACHE DEFAULT)
  TABLESPACE "SYSTEM" ;

   COMMENT ON COLUMN "NEXTROOM"."RESERVETIME"."RESERVETIMENO" IS '예약시간번호';
   COMMENT ON COLUMN "NEXTROOM"."RESERVETIME"."RESERVEDATENO" IS '예약날짜번호';
   COMMENT ON COLUMN "NEXTROOM"."RESERVETIME"."RESERVETIME" IS '예약시간';
   COMMENT ON COLUMN "NEXTROOM"."RESERVETIME"."RESERVESTATE" IS '업체예약상태표시용';
   COMMENT ON TABLE "NEXTROOM"."RESERVETIME"  IS '예약시간';
--------------------------------------------------------
--  DDL for Table REVIEW
--------------------------------------------------------

  CREATE TABLE "NEXTROOM"."REVIEW" 
   (	"REVIEWNO" NUMBER, 
	"THEMENO" NUMBER, 
	"USERNO" NUMBER, 
	"FEELLEVEL" NUMBER, 
	"RATING" NUMBER, 
	"RECTIME" NUMBER, 
	"REVIEWHINTS" NUMBER, 
	"REVIEWCLEAR" VARCHAR2(20 BYTE), 
	"MEMBERNUM" NUMBER, 
	"PLAYDATE" DATE, 
	"REVIEWREGDATE" DATE, 
	"REVIEWLIKE" NUMBER, 
	"REVIEWTITLE" VARCHAR2(200 BYTE), 
	"REVIEWCONTENT" VARCHAR2(2000 BYTE), 
	"REVIEWHIT" NUMBER, 
	"REVIEWIMG" VARCHAR2(200 BYTE)
   ) SEGMENT CREATION IMMEDIATE 
  PCTFREE 10 PCTUSED 40 INITRANS 1 MAXTRANS 255 NOCOMPRESS LOGGING
  STORAGE(INITIAL 65536 NEXT 1048576 MINEXTENTS 1 MAXEXTENTS 2147483645
  PCTINCREASE 0 FREELISTS 1 FREELIST GROUPS 1 BUFFER_POOL DEFAULT FLASH_CACHE DEFAULT CELL_FLASH_CACHE DEFAULT)
  TABLESPACE "SYSTEM" ;

   COMMENT ON COLUMN "NEXTROOM"."REVIEW"."REVIEWNO" IS '후기게시판번호';
   COMMENT ON COLUMN "NEXTROOM"."REVIEW"."THEMENO" IS '테마번호';
   COMMENT ON COLUMN "NEXTROOM"."REVIEW"."USERNO" IS '회원번호';
   COMMENT ON COLUMN "NEXTROOM"."REVIEW"."FEELLEVEL" IS '체감난이도';
   COMMENT ON COLUMN "NEXTROOM"."REVIEW"."RATING" IS '별점';
   COMMENT ON COLUMN "NEXTROOM"."REVIEW"."RECTIME" IS '기록시간';
   COMMENT ON COLUMN "NEXTROOM"."REVIEW"."REVIEWHINTS" IS '힌트수';
   COMMENT ON COLUMN "NEXTROOM"."REVIEW"."REVIEWCLEAR" IS '성공여부';
   COMMENT ON COLUMN "NEXTROOM"."REVIEW"."MEMBERNUM" IS '인원수';
   COMMENT ON COLUMN "NEXTROOM"."REVIEW"."PLAYDATE" IS '게임날짜';
   COMMENT ON COLUMN "NEXTROOM"."REVIEW"."REVIEWREGDATE" IS '작성일';
   COMMENT ON COLUMN "NEXTROOM"."REVIEW"."REVIEWLIKE" IS '추천수';
   COMMENT ON COLUMN "NEXTROOM"."REVIEW"."REVIEWTITLE" IS '제목';
   COMMENT ON COLUMN "NEXTROOM"."REVIEW"."REVIEWCONTENT" IS '컨텐츠';
   COMMENT ON COLUMN "NEXTROOM"."REVIEW"."REVIEWHIT" IS '조회수';
   COMMENT ON COLUMN "NEXTROOM"."REVIEW"."REVIEWIMG" IS '후기이미지';
   COMMENT ON TABLE "NEXTROOM"."REVIEW"  IS '후기게시판';
--------------------------------------------------------
--  DDL for Table THEME
--------------------------------------------------------

  CREATE TABLE "NEXTROOM"."THEME" 
   (	"THEMENO" NUMBER, 
	"CAFENO" NUMBER, 
	"THEMENAME" VARCHAR2(50 BYTE), 
	"THEMEIMG" VARCHAR2(200 BYTE), 
	"JENRE" VARCHAR2(20 BYTE), 
	"LEVELS" NUMBER, 
	"THEMETYPE" VARCHAR2(50 BYTE), 
	"PLAYTIME" NUMBER, 
	"ACTIVITY" VARCHAR2(20 BYTE), 
	"THEMEINTRO" VARCHAR2(2000 BYTE), 
	"PRECOMMENDMIN" VARCHAR2(20 BYTE), 
	"PRECOMMENDMAX" VARCHAR2(20 BYTE),
	"PMIN" NUMBER, 
	"PMAX" NUMBER
   ) SEGMENT CREATION IMMEDIATE 
  PCTFREE 10 PCTUSED 40 INITRANS 1 MAXTRANS 255 NOCOMPRESS LOGGING
  STORAGE(INITIAL 65536 NEXT 1048576 MINEXTENTS 1 MAXEXTENTS 2147483645
  PCTINCREASE 0 FREELISTS 1 FREELIST GROUPS 1 BUFFER_POOL DEFAULT FLASH_CACHE DEFAULT CELL_FLASH_CACHE DEFAULT)
  TABLESPACE "SYSTEM" ;

   COMMENT ON COLUMN "NEXTROOM"."THEME"."THEMENO" IS '테마번호';
   COMMENT ON COLUMN "NEXTROOM"."THEME"."CAFENO" IS '카페번호';
   COMMENT ON COLUMN "NEXTROOM"."THEME"."THEMENAME" IS '테마이름';
   COMMENT ON COLUMN "NEXTROOM"."THEME"."THEMEIMG" IS '테마포스터';
   COMMENT ON COLUMN "NEXTROOM"."THEME"."JENRE" IS '테마장르';
   COMMENT ON COLUMN "NEXTROOM"."THEME"."LEVELS" IS '테마난이도';
   COMMENT ON COLUMN "NEXTROOM"."THEME"."THEMETYPE" IS '테마유형';
   COMMENT ON COLUMN "NEXTROOM"."THEME"."PLAYTIME" IS '플레이타임';
   COMMENT ON COLUMN "NEXTROOM"."THEME"."ACTIVITY" IS '테마활동성';
   COMMENT ON COLUMN "NEXTROOM"."THEME"."THEMEINTRO" IS '테마소개';
   COMMENT ON COLUMN "NEXTROOM"."THEME"."PRECOMMENDMIN" IS '최소추천인원';
   COMMENT ON COLUMN "NEXTROOM"."THEME"."PRECOMMENDMAX" IS '최대추천인원';
   COMMENT ON COLUMN "NEXTROOM"."THEME"."PMIN" IS '최소인원';
   COMMENT ON COLUMN "NEXTROOM"."THEME"."PMAX" IS '최대인원';
   COMMENT ON TABLE "NEXTROOM"."THEME"  IS '테마';
--------------------------------------------------------
--  DDL for Table THEMEPRICE
--------------------------------------------------------

  CREATE TABLE "NEXTROOM"."THEMEPRICE" 
   (	"THEMENO" NUMBER, 
	"HEADCOUNT" NUMBER, 
	"PRICE" NUMBER
   ) SEGMENT CREATION IMMEDIATE 
  PCTFREE 10 PCTUSED 40 INITRANS 1 MAXTRANS 255 NOCOMPRESS LOGGING
  STORAGE(INITIAL 65536 NEXT 1048576 MINEXTENTS 1 MAXEXTENTS 2147483645
  PCTINCREASE 0 FREELISTS 1 FREELIST GROUPS 1 BUFFER_POOL DEFAULT FLASH_CACHE DEFAULT CELL_FLASH_CACHE DEFAULT)
  TABLESPACE "SYSTEM" ;

   COMMENT ON COLUMN "NEXTROOM"."THEMEPRICE"."THEMENO" IS '테마번호';
   COMMENT ON COLUMN "NEXTROOM"."THEMEPRICE"."HEADCOUNT" IS '인원';
   COMMENT ON COLUMN "NEXTROOM"."THEMEPRICE"."PRICE" IS '가격';
   COMMENT ON TABLE "NEXTROOM"."THEMEPRICE"  IS '테마별가격';
--------------------------------------------------------
--  DDL for Table THEMETIME
--------------------------------------------------------

  CREATE TABLE "NEXTROOM"."THEMETIME" 
   (	"THEMETIMENO" NUMBER, 
	"THEMENO" NUMBER, 
	"THEMETIME" VARCHAR2(30 BYTE)
   ) SEGMENT CREATION IMMEDIATE 
  PCTFREE 10 PCTUSED 40 INITRANS 1 MAXTRANS 255 NOCOMPRESS LOGGING
  STORAGE(INITIAL 65536 NEXT 1048576 MINEXTENTS 1 MAXEXTENTS 2147483645
  PCTINCREASE 0 FREELISTS 1 FREELIST GROUPS 1 BUFFER_POOL DEFAULT FLASH_CACHE DEFAULT CELL_FLASH_CACHE DEFAULT)
  TABLESPACE "SYSTEM" ;

   COMMENT ON COLUMN "NEXTROOM"."THEMETIME"."THEMETIMENO" IS '시간번호';
   COMMENT ON COLUMN "NEXTROOM"."THEMETIME"."THEMENO" IS '테마번호';
   COMMENT ON COLUMN "NEXTROOM"."THEMETIME"."THEMETIME" IS '가능시간';
   COMMENT ON TABLE "NEXTROOM"."THEMETIME"  IS '새 테이블5';

--------------------------------------------------------
--  DDL for Table USERS
--------------------------------------------------------

  CREATE TABLE "NEXTROOM"."USERS" 
   (	"USERNO" NUMBER, 
	"ID" VARCHAR2(20 BYTE), 
	"PASSWORD" VARCHAR2(50 BYTE), 
	"USERNAME" VARCHAR2(20 BYTE), 
	"USERHP" VARCHAR2(20 BYTE), 
	"EMAIL" VARCHAR2(50 BYTE), 
	"NICKNAME" VARCHAR2(20 BYTE), 
	"USERTYPE" VARCHAR2(20 BYTE)
   ) SEGMENT CREATION IMMEDIATE 
  PCTFREE 10 PCTUSED 40 INITRANS 1 MAXTRANS 255 NOCOMPRESS LOGGING
  STORAGE(INITIAL 65536 NEXT 1048576 MINEXTENTS 1 MAXEXTENTS 2147483645
  PCTINCREASE 0 FREELISTS 1 FREELIST GROUPS 1 BUFFER_POOL DEFAULT FLASH_CACHE DEFAULT CELL_FLASH_CACHE DEFAULT)
  TABLESPACE "SYSTEM" ;

   COMMENT ON COLUMN "NEXTROOM"."USERS"."USERNO" IS '회원번호';
   COMMENT ON COLUMN "NEXTROOM"."USERS"."ID" IS '아이디';
   COMMENT ON COLUMN "NEXTROOM"."USERS"."PASSWORD" IS '비밀번호';
   COMMENT ON COLUMN "NEXTROOM"."USERS"."USERNAME" IS '이름';
   COMMENT ON COLUMN "NEXTROOM"."USERS"."USERHP" IS '전화번호';
   COMMENT ON COLUMN "NEXTROOM"."USERS"."EMAIL" IS '이메일';
   COMMENT ON COLUMN "NEXTROOM"."USERS"."NICKNAME" IS '닉네임';
   COMMENT ON COLUMN "NEXTROOM"."USERS"."USERTYPE" IS '유저타입(일반 사용자, 업체관리자)';
   COMMENT ON TABLE "NEXTROOM"."USERS"  IS 'user';

--------------------------------------------------------
--  DDL for Table FREEBOARD
--------------------------------------------------------

  CREATE TABLE "NEXTROOM"."FREEBOARD" 
   (	"BOARDNO" NUMBER, 
	"USERNO" NUMBER, 
	"BOARDTITLE" VARCHAR2(200 BYTE), 
	"BOARDCONTENT" VARCHAR2(1000 BYTE), 
	"REGDATE" DATE, 
	"BOARDHIT" NUMBER, 
	"BOARDLIKE" NUMBER, 
	"BOARDIMG" VARCHAR2(200 BYTE)
   ) SEGMENT CREATION IMMEDIATE 
  PCTFREE 10 PCTUSED 40 INITRANS 1 MAXTRANS 255 NOCOMPRESS LOGGING
  STORAGE(INITIAL 65536 NEXT 1048576 MINEXTENTS 1 MAXEXTENTS 2147483645
  PCTINCREASE 0 FREELISTS 1 FREELIST GROUPS 1 BUFFER_POOL DEFAULT FLASH_CACHE DEFAULT CELL_FLASH_CACHE DEFAULT)
  TABLESPACE "SYSTEM" ;

   COMMENT ON COLUMN "NEXTROOM"."FREEBOARD"."BOARDNO" IS '자유게시판 번호';
   COMMENT ON COLUMN "NEXTROOM"."FREEBOARD"."USERNO" IS '회원번호';
   COMMENT ON COLUMN "NEXTROOM"."FREEBOARD"."BOARDTITLE" IS '제목';
   COMMENT ON COLUMN "NEXTROOM"."FREEBOARD"."BOARDCONTENT" IS '내용';
   COMMENT ON COLUMN "NEXTROOM"."FREEBOARD"."REGDATE" IS '작성일';
   COMMENT ON COLUMN "NEXTROOM"."FREEBOARD"."BOARDHIT" IS '조회수';
   COMMENT ON COLUMN "NEXTROOM"."FREEBOARD"."BOARDLIKE" IS '추천수';
   COMMENT ON COLUMN "NEXTROOM"."FREEBOARD"."BOARDIMG" IS '게시판 이미지';
   COMMENT ON TABLE "NEXTROOM"."FREEBOARD"  IS '자유게시판';
 
--------------------------------------------------------
--  DDL for Table FREEBOARDIMG
--------------------------------------------------------

  CREATE TABLE "NEXTROOM"."FREEBOARDIMG" 
   (	"BOARDNO" NUMBER, 
	"IMG" VARCHAR2(200 BYTE)
   ) SEGMENT CREATION IMMEDIATE 
  PCTFREE 10 PCTUSED 40 INITRANS 1 MAXTRANS 255 NOCOMPRESS LOGGING
  STORAGE(INITIAL 65536 NEXT 1048576 MINEXTENTS 1 MAXEXTENTS 2147483645
  PCTINCREASE 0 FREELISTS 1 FREELIST GROUPS 1 BUFFER_POOL DEFAULT FLASH_CACHE DEFAULT CELL_FLASH_CACHE DEFAULT)
  TABLESPACE "SYSTEM" ;

   COMMENT ON COLUMN "NEXTROOM"."FREEBOARDIMG"."BOARDNO" IS '자유게시판 번호';
   COMMENT ON COLUMN "NEXTROOM"."FREEBOARDIMG"."IMG" IS '자유게시판이미지 경로';
   COMMENT ON TABLE "NEXTROOM"."FREEBOARDIMG"  IS '자유게시판이미지';

--------------------------------------------------------
--  DDL for Index PK_PRERECORD
--------------------------------------------------------

  CREATE UNIQUE INDEX "NEXTROOM"."PK_PRERECORD" ON "NEXTROOM"."PRERECORD" ("GAMENO") 
  PCTFREE 10 INITRANS 2 MAXTRANS 255 COMPUTE STATISTICS 
  STORAGE(INITIAL 65536 NEXT 1048576 MINEXTENTS 1 MAXEXTENTS 2147483645
  PCTINCREASE 0 FREELISTS 1 FREELIST GROUPS 1 BUFFER_POOL DEFAULT FLASH_CACHE DEFAULT CELL_FLASH_CACHE DEFAULT)
  TABLESPACE "SYSTEM" ;
--------------------------------------------------------
--  DDL for Index PK_RECORD
--------------------------------------------------------

  CREATE UNIQUE INDEX "NEXTROOM"."PK_RECORD" ON "NEXTROOM"."RECORD" ("RECORDNO") 
  PCTFREE 10 INITRANS 2 MAXTRANS 255 COMPUTE STATISTICS 
  STORAGE(INITIAL 65536 NEXT 1048576 MINEXTENTS 1 MAXEXTENTS 2147483645
  PCTINCREASE 0 FREELISTS 1 FREELIST GROUPS 1 BUFFER_POOL DEFAULT FLASH_CACHE DEFAULT CELL_FLASH_CACHE DEFAULT)
  TABLESPACE "SYSTEM" ;
--------------------------------------------------------
--  DDL for Index PK_THEMETIME
--------------------------------------------------------

  CREATE UNIQUE INDEX "NEXTROOM"."PK_THEMETIME" ON "NEXTROOM"."THEMETIME" ("THEMETIMENO") 
  PCTFREE 10 INITRANS 2 MAXTRANS 255 COMPUTE STATISTICS 
  STORAGE(INITIAL 65536 NEXT 1048576 MINEXTENTS 1 MAXEXTENTS 2147483645
  PCTINCREASE 0 FREELISTS 1 FREELIST GROUPS 1 BUFFER_POOL DEFAULT FLASH_CACHE DEFAULT CELL_FLASH_CACHE DEFAULT)
  TABLESPACE "SYSTEM" ;
--------------------------------------------------------
--  DDL for Index PK_USERS
--------------------------------------------------------

  CREATE UNIQUE INDEX "NEXTROOM"."PK_USERS" ON "NEXTROOM"."USERS" ("USERNO") 
  PCTFREE 10 INITRANS 2 MAXTRANS 255 COMPUTE STATISTICS 
  STORAGE(INITIAL 65536 NEXT 1048576 MINEXTENTS 1 MAXEXTENTS 2147483645
  PCTINCREASE 0 FREELISTS 1 FREELIST GROUPS 1 BUFFER_POOL DEFAULT FLASH_CACHE DEFAULT CELL_FLASH_CACHE DEFAULT)
  TABLESPACE "SYSTEM" ;
--------------------------------------------------------
--  DDL for Index PK_THEME
--------------------------------------------------------

  CREATE UNIQUE INDEX "NEXTROOM"."PK_THEME" ON "NEXTROOM"."THEME" ("THEMENO") 
  PCTFREE 10 INITRANS 2 MAXTRANS 255 COMPUTE STATISTICS 
  STORAGE(INITIAL 65536 NEXT 1048576 MINEXTENTS 1 MAXEXTENTS 2147483645
  PCTINCREASE 0 FREELISTS 1 FREELIST GROUPS 1 BUFFER_POOL DEFAULT FLASH_CACHE DEFAULT CELL_FLASH_CACHE DEFAULT)
  TABLESPACE "SYSTEM" ;
--------------------------------------------------------
--  DDL for Index PK_RESERVEPEOPLE
--------------------------------------------------------

  CREATE UNIQUE INDEX "NEXTROOM"."PK_RESERVEPEOPLE" ON "NEXTROOM"."RESERVEPEOPLE" ("RESERVEMEMBERNO") 
  PCTFREE 10 INITRANS 2 MAXTRANS 255 COMPUTE STATISTICS 
  STORAGE(INITIAL 65536 NEXT 1048576 MINEXTENTS 1 MAXEXTENTS 2147483645
  PCTINCREASE 0 FREELISTS 1 FREELIST GROUPS 1 BUFFER_POOL DEFAULT FLASH_CACHE DEFAULT CELL_FLASH_CACHE DEFAULT)
  TABLESPACE "SYSTEM" ;

--------------------------------------------------------
--  DDL for Index PK_RESERVETIME
--------------------------------------------------------

  CREATE UNIQUE INDEX "NEXTROOM"."PK_RESERVETIME" ON "NEXTROOM"."RESERVETIME" ("RESERVETIMENO") 
  PCTFREE 10 INITRANS 2 MAXTRANS 255 COMPUTE STATISTICS 
  STORAGE(INITIAL 65536 NEXT 1048576 MINEXTENTS 1 MAXEXTENTS 2147483645
  PCTINCREASE 0 FREELISTS 1 FREELIST GROUPS 1 BUFFER_POOL DEFAULT FLASH_CACHE DEFAULT CELL_FLASH_CACHE DEFAULT)
  TABLESPACE "SYSTEM" ;
--------------------------------------------------------
--  DDL for Index PK_PARTY
--------------------------------------------------------

  CREATE UNIQUE INDEX "NEXTROOM"."PK_PARTY" ON "NEXTROOM"."PARTY" ("PARTYNO") 
  PCTFREE 10 INITRANS 2 MAXTRANS 255 COMPUTE STATISTICS 
  STORAGE(INITIAL 65536 NEXT 1048576 MINEXTENTS 1 MAXEXTENTS 2147483645
  PCTINCREASE 0 FREELISTS 1 FREELIST GROUPS 1 BUFFER_POOL DEFAULT FLASH_CACHE DEFAULT CELL_FLASH_CACHE DEFAULT)
  TABLESPACE "SYSTEM" ;
--------------------------------------------------------
--  DDL for Index PK_THMEPRICE
--------------------------------------------------------

  CREATE UNIQUE INDEX "NEXTROOM"."PK_THMEPRICE" ON "NEXTROOM"."THMEPRICE" ("THEMENO") 
  PCTFREE 10 INITRANS 2 MAXTRANS 255 COMPUTE STATISTICS 
  STORAGE(INITIAL 65536 NEXT 1048576 MINEXTENTS 1 MAXEXTENTS 2147483645
  PCTINCREASE 0 FREELISTS 1 FREELIST GROUPS 1 BUFFER_POOL DEFAULT FLASH_CACHE DEFAULT CELL_FLASH_CACHE DEFAULT)
  TABLESPACE "SYSTEM" ;
--------------------------------------------------------
--  DDL for Index PK_REVIEW
--------------------------------------------------------

  CREATE UNIQUE INDEX "NEXTROOM"."PK_REVIEW" ON "NEXTROOM"."REVIEW" ("REVIEWNO") 
  PCTFREE 10 INITRANS 2 MAXTRANS 255 COMPUTE STATISTICS 
  STORAGE(INITIAL 65536 NEXT 1048576 MINEXTENTS 1 MAXEXTENTS 2147483645
  PCTINCREASE 0 FREELISTS 1 FREELIST GROUPS 1 BUFFER_POOL DEFAULT FLASH_CACHE DEFAULT CELL_FLASH_CACHE DEFAULT)
  TABLESPACE "SYSTEM" ;
--------------------------------------------------------
--  DDL for Index PK_RESERVE
--------------------------------------------------------

  CREATE UNIQUE INDEX "NEXTROOM"."PK_RESERVE" ON "NEXTROOM"."RESERVE" ("RESERVENO") 
  PCTFREE 10 INITRANS 2 MAXTRANS 255 COMPUTE STATISTICS 
  STORAGE(INITIAL 65536 NEXT 1048576 MINEXTENTS 1 MAXEXTENTS 2147483645
  PCTINCREASE 0 FREELISTS 1 FREELIST GROUPS 1 BUFFER_POOL DEFAULT FLASH_CACHE DEFAULT CELL_FLASH_CACHE DEFAULT)
  TABLESPACE "SYSTEM" ;
--------------------------------------------------------
--  DDL for Index PK_RESERVEDATE
--------------------------------------------------------

  CREATE UNIQUE INDEX "NEXTROOM"."PK_RESERVEDATE" ON "NEXTROOM"."RESERVEDATE" ("RESERVEDATENO") 
  PCTFREE 10 INITRANS 2 MAXTRANS 255 COMPUTE STATISTICS 
  STORAGE(INITIAL 65536 NEXT 1048576 MINEXTENTS 1 MAXEXTENTS 2147483645
  PCTINCREASE 0 FREELISTS 1 FREELIST GROUPS 1 BUFFER_POOL DEFAULT FLASH_CACHE DEFAULT CELL_FLASH_CACHE DEFAULT)
  TABLESPACE "SYSTEM" ;
--------------------------------------------------------
--  DDL for Index PK_CAFE
--------------------------------------------------------

  CREATE UNIQUE INDEX "NEXTROOM"."PK_CAFE" ON "NEXTROOM"."CAFE" ("CAFENO") 
  PCTFREE 10 INITRANS 2 MAXTRANS 255 COMPUTE STATISTICS 
  STORAGE(INITIAL 65536 NEXT 1048576 MINEXTENTS 1 MAXEXTENTS 2147483645
  PCTINCREASE 0 FREELISTS 1 FREELIST GROUPS 1 BUFFER_POOL DEFAULT FLASH_CACHE DEFAULT CELL_FLASH_CACHE DEFAULT)
  TABLESPACE "SYSTEM" ;
  
--------------------------------------------------------
--  DDL for Index UIX_USERS
--------------------------------------------------------

  CREATE UNIQUE INDEX "NEXTROOM"."UIX_USERS" ON "NEXTROOM"."USERS" ("ID", "NICKNAME", "EMAIL") 
  PCTFREE 10 INITRANS 2 MAXTRANS 255 COMPUTE STATISTICS 
  STORAGE(INITIAL 65536 NEXT 1048576 MINEXTENTS 1 MAXEXTENTS 2147483645
  PCTINCREASE 0 FREELISTS 1 FREELIST GROUPS 1 BUFFER_POOL DEFAULT FLASH_CACHE DEFAULT CELL_FLASH_CACHE DEFAULT)
  TABLESPACE "SYSTEM" ;
  
--------------------------------------------------------
--  DDL for Index PK_FREEBOARD
--------------------------------------------------------

  CREATE UNIQUE INDEX "NEXTROOM"."PK_FREEBOARD" ON "NEXTROOM"."FREEBOARD" ("BOARDNO") 
  PCTFREE 10 INITRANS 2 MAXTRANS 255 COMPUTE STATISTICS 
  STORAGE(INITIAL 65536 NEXT 1048576 MINEXTENTS 1 MAXEXTENTS 2147483645
  PCTINCREASE 0 FREELISTS 1 FREELIST GROUPS 1 BUFFER_POOL DEFAULT FLASH_CACHE DEFAULT CELL_FLASH_CACHE DEFAULT)
  TABLESPACE "SYSTEM" ;
  
--------------------------------------------------------
--  Constraints for Table THEMEPRICE
--------------------------------------------------------

  ALTER TABLE "NEXTROOM"."THEMEPRICE" MODIFY ("THEMENO" NOT NULL ENABLE);
--------------------------------------------------------
--  Constraints for Table REVIEW
--------------------------------------------------------

  ALTER TABLE "NEXTROOM"."REVIEW" ADD CONSTRAINT "PK_REVIEW" PRIMARY KEY ("REVIEWNO")
  USING INDEX PCTFREE 10 INITRANS 2 MAXTRANS 255 COMPUTE STATISTICS 
  STORAGE(INITIAL 65536 NEXT 1048576 MINEXTENTS 1 MAXEXTENTS 2147483645
  PCTINCREASE 0 FREELISTS 1 FREELIST GROUPS 1 BUFFER_POOL DEFAULT FLASH_CACHE DEFAULT CELL_FLASH_CACHE DEFAULT)
  TABLESPACE "SYSTEM"  ENABLE;

--------------------------------------------------------
--  Constraints for Table THMEPRICE
--------------------------------------------------------

  ALTER TABLE "NEXTROOM"."THMEPRICE" ADD CONSTRAINT "PK_THMEPRICE" PRIMARY KEY ("THEMENO")
  USING INDEX PCTFREE 10 INITRANS 2 MAXTRANS 255 COMPUTE STATISTICS 
  STORAGE(INITIAL 65536 NEXT 1048576 MINEXTENTS 1 MAXEXTENTS 2147483645
  PCTINCREASE 0 FREELISTS 1 FREELIST GROUPS 1 BUFFER_POOL DEFAULT FLASH_CACHE DEFAULT CELL_FLASH_CACHE DEFAULT)
  TABLESPACE "SYSTEM"  ENABLE;
  ALTER TABLE "NEXTROOM"."THMEPRICE" MODIFY ("THEMENO" NOT NULL ENABLE);
--------------------------------------------------------
--  Constraints for Table RESERVE
--------------------------------------------------------

  ALTER TABLE "NEXTROOM"."RESERVE" ADD CONSTRAINT "PK_RESERVE" PRIMARY KEY ("RESERVENO")
  USING INDEX PCTFREE 10 INITRANS 2 MAXTRANS 255 COMPUTE STATISTICS 
  STORAGE(INITIAL 65536 NEXT 1048576 MINEXTENTS 1 MAXEXTENTS 2147483645
  PCTINCREASE 0 FREELISTS 1 FREELIST GROUPS 1 BUFFER_POOL DEFAULT FLASH_CACHE DEFAULT CELL_FLASH_CACHE DEFAULT)
  TABLESPACE "SYSTEM"  ENABLE;
  ALTER TABLE "NEXTROOM"."RESERVE" MODIFY ("RESERVETIMENO" NOT NULL ENABLE);
  ALTER TABLE "NEXTROOM"."RESERVE" MODIFY ("RESERVENO" NOT NULL ENABLE);
--------------------------------------------------------
--  Constraints for Table CAFE
--------------------------------------------------------

  ALTER TABLE "NEXTROOM"."CAFE" MODIFY ("CAFENO" NOT NULL ENABLE);
  ALTER TABLE "NEXTROOM"."CAFE" MODIFY ("USERNO" NOT NULL ENABLE);
  ALTER TABLE "NEXTROOM"."CAFE" ADD CONSTRAINT "PK_CAFE" PRIMARY KEY ("CAFENO")
  USING INDEX PCTFREE 10 INITRANS 2 MAXTRANS 255 COMPUTE STATISTICS 
  STORAGE(INITIAL 65536 NEXT 1048576 MINEXTENTS 1 MAXEXTENTS 2147483645
  PCTINCREASE 0 FREELISTS 1 FREELIST GROUPS 1 BUFFER_POOL DEFAULT FLASH_CACHE DEFAULT CELL_FLASH_CACHE DEFAULT)
  TABLESPACE "SYSTEM"  ENABLE;
--------------------------------------------------------
--  Constraints for Table PARTYAPPLICANT
--------------------------------------------------------

  ALTER TABLE "NEXTROOM"."PARTYAPPLICANT" MODIFY ("PARTYNO" NOT NULL ENABLE);
  ALTER TABLE "NEXTROOM"."PARTYAPPLICANT" MODIFY ("USERNO" NOT NULL ENABLE);
  --------------------------------------------------------
--  Ref Constraints for Table PARTYAPPLICANT
--------------------------------------------------------

  ALTER TABLE "NEXTROOM"."PARTYAPPLICANT" ADD CONSTRAINT "FK_USERS_TO_PARTYAPPLICANT" FOREIGN KEY ("USERNO")
	  REFERENCES "NEXTROOM"."USERS" ("USERNO") ENABLE;
--------------------------------------------------------
--  Constraints for Table PARTYDETAIL
--------------------------------------------------------

  ALTER TABLE "NEXTROOM"."PARTYDETAIL" MODIFY ("PARTYNO" NOT NULL ENABLE);
  ALTER TABLE "NEXTROOM"."PARTYDETAIL" MODIFY ("USERNO" NOT NULL ENABLE);
  ALTER TABLE "NEXTROOM"."PARTYDETAIL" MODIFY ("USERSTATE" NOT NULL ENABLE);
--------------------------------------------------------
--  Ref Constraints for Table PARTYDETAIL
--------------------------------------------------------

  ALTER TABLE "NEXTROOM"."PARTYDETAIL" ADD CONSTRAINT "FK_USERS_TO_PARTYDETAIL" FOREIGN KEY ("USERNO")
	  REFERENCES "NEXTROOM"."USERS" ("USERNO") ENABLE;
--------------------------------------------------------
--  Constraints for Table USERS
--------------------------------------------------------

  ALTER TABLE "NEXTROOM"."USERS" MODIFY ("USERNO" NOT NULL ENABLE);
  ALTER TABLE "NEXTROOM"."USERS" MODIFY ("ID" NOT NULL ENABLE);
  ALTER TABLE "NEXTROOM"."USERS" MODIFY ("PASSWORD" NOT NULL ENABLE);
  ALTER TABLE "NEXTROOM"."USERS" MODIFY ("USERNAME" NOT NULL ENABLE);
  ALTER TABLE "NEXTROOM"."USERS" MODIFY ("NICKNAME" NOT NULL ENABLE);
  ALTER TABLE "NEXTROOM"."USERS" ADD CONSTRAINT "PK_USERS" PRIMARY KEY ("USERNO")
  USING INDEX PCTFREE 10 INITRANS 2 MAXTRANS 255 COMPUTE STATISTICS 
  STORAGE(INITIAL 65536 NEXT 1048576 MINEXTENTS 1 MAXEXTENTS 2147483645
  PCTINCREASE 0 FREELISTS 1 FREELIST GROUPS 1 BUFFER_POOL DEFAULT FLASH_CACHE DEFAULT CELL_FLASH_CACHE DEFAULT)
  TABLESPACE "SYSTEM"  ENABLE;
  ALTER TABLE "NEXTROOM"."USERS" ADD CONSTRAINT "UK_USERS" UNIQUE ("ID", "NICKNAME", "EMAIL")
  USING INDEX PCTFREE 10 INITRANS 2 MAXTRANS 255 COMPUTE STATISTICS 
  STORAGE(INITIAL 65536 NEXT 1048576 MINEXTENTS 1 MAXEXTENTS 2147483645
  PCTINCREASE 0 FREELISTS 1 FREELIST GROUPS 1 BUFFER_POOL DEFAULT FLASH_CACHE DEFAULT CELL_FLASH_CACHE DEFAULT)
  TABLESPACE "SYSTEM"  ENABLE;
--------------------------------------------------------
--  Constraints for Table PRERECORD
--------------------------------------------------------

  ALTER TABLE "NEXTROOM"."PRERECORD" MODIFY ("GAMENO" NOT NULL ENABLE);
  ALTER TABLE "NEXTROOM"."PRERECORD" MODIFY ("THEMENO" NOT NULL ENABLE);
  ALTER TABLE "NEXTROOM"."PRERECORD" ADD CONSTRAINT "PK_PRERECORD" PRIMARY KEY ("GAMENO")
  USING INDEX PCTFREE 10 INITRANS 2 MAXTRANS 255 COMPUTE STATISTICS 
  STORAGE(INITIAL 65536 NEXT 1048576 MINEXTENTS 1 MAXEXTENTS 2147483645
  PCTINCREASE 0 FREELISTS 1 FREELIST GROUPS 1 BUFFER_POOL DEFAULT FLASH_CACHE DEFAULT CELL_FLASH_CACHE DEFAULT)
  TABLESPACE "SYSTEM"  ENABLE;
--------------------------------------------------------
--  Constraints for Table PARTY
--------------------------------------------------------

  ALTER TABLE "NEXTROOM"."PARTY" MODIFY ("PARTYNO" NOT NULL ENABLE);
  ALTER TABLE "NEXTROOM"."PARTY" MODIFY ("CAFENO" NOT NULL ENABLE);
  ALTER TABLE "NEXTROOM"."PARTY" MODIFY ("THEMENO" NOT NULL ENABLE);
  
--------------------------------------------------------
--  Ref Constraints for Table RESERVE
--------------------------------------------------------

  ALTER TABLE "NEXTROOM"."RESERVE" ADD CONSTRAINT "FK_USERS_TO_RESERVE" FOREIGN KEY ("USERNO")
	  REFERENCES "NEXTROOM"."USERS" ("USERNO") ENABLE;
	  
--------------------------------------------------------
--  Constraints for Table RANKRATING
--------------------------------------------------------

  ALTER TABLE "NEXTROOM"."RANKRATING" MODIFY ("USERNO" NOT NULL ENABLE);
--------------------------------------------------------
--  Ref Constraints for Table RANKRATING
--------------------------------------------------------

  ALTER TABLE "NEXTROOM"."RANKRATING" ADD CONSTRAINT "FK_USERS_TO_RANKRATING" FOREIGN KEY ("USERNO")
     REFERENCES "NEXTROOM"."USERS" ("USERNO") ENABLE;
     
--------------------------------------------------------
--  Constraints for Table FREEBOARD
--------------------------------------------------------

  ALTER TABLE "NEXTROOM"."FREEBOARD" ADD CONSTRAINT "PK_FREEBOARD" PRIMARY KEY ("BOARDNO")
  USING INDEX PCTFREE 10 INITRANS 2 MAXTRANS 255 COMPUTE STATISTICS 
  STORAGE(INITIAL 65536 NEXT 1048576 MINEXTENTS 1 MAXEXTENTS 2147483645
  PCTINCREASE 0 FREELISTS 1 FREELIST GROUPS 1 BUFFER_POOL DEFAULT FLASH_CACHE DEFAULT CELL_FLASH_CACHE DEFAULT)
  TABLESPACE "SYSTEM"  ENABLE;
  ALTER TABLE "NEXTROOM"."FREEBOARD" MODIFY ("USERNO" NOT NULL ENABLE);
  ALTER TABLE "NEXTROOM"."FREEBOARD" MODIFY ("BOARDNO" NOT NULL ENABLE);

--------------------------------------------------------
--  Ref Constraints for Table FREEBOARD
--------------------------------------------------------

  ALTER TABLE "NEXTROOM"."FREEBOARD" ADD CONSTRAINT "FK_USERS_TO_FREEBOARD" FOREIGN KEY ("USERNO")
	  REFERENCES "NEXTROOM"."USERS" ("USERNO") ENABLE;
     
	  
	  
--------------------------------------------------------
-- 각종 INSERT etc...
--------------------------------------------------------
REM INSERTING into NEXTROOM.USERS
SET DEFINE OFF;
Insert into NEXTROOM.USERS (USERNO,ID,PASSWORD,USERNAME,USERHP,EMAIL,NICKNAME,USERTYPE) values (1,'ksh9096','dmd13579','서현','010-0000-0000','aaa@aaa.com','ksh9096','2');
Insert into NEXTROOM.USERS (USERNO,ID,PASSWORD,USERNAME,USERHP,EMAIL,NICKNAME,USERTYPE) values (2,'may0505','210505','예진','010-0000-0000','aaa@aaa.com','오월','2');
Insert into NEXTROOM.USERS (USERNO,ID,PASSWORD,USERNAME,USERHP,EMAIL,NICKNAME,USERTYPE) values (3,'junzzang','1111','준짱','010-0000-0000','aaa@aaa.com','준짱','1');
Insert into NEXTROOM.USERS (USERNO,ID,PASSWORD,USERNAME,USERHP,EMAIL,NICKNAME,USERTYPE) values (4,'ctct25','123','대근','010-0000-0000','aaa@aaa.com','대니','2');
Insert into NEXTROOM.USERS (USERNO,ID,PASSWORD,USERNAME,USERHP,EMAIL,NICKNAME,USERTYPE) values (5,'choi','1111','원호','010-0000-0000','aaa@aaa.com','choi','1');
REM INSERTING into NEXTROOM.CAFE
SET DEFINE OFF;
Insert into NEXTROOM.CAFE (CAFENO,USERNO,CAFENAME,CAFEHP,OPENTIME,CLOSETIME,CAFEINTRO,URL,CAFEIMG,POSTCODE,ADDRESS,ADDRESSDETAIL,PRINTADDRESS,SIDO,SIGUNGU,SIDODETAIL,LATITUDE,LONGITUDE) values (3,4,'카페4','02-0000-0000','09:00','24:00','소개글4','www.cafe.com','img04','12345','카페기본주소4','카페상세주소4','카페출력주소4','서울','광진구','건대','12.34','56.78');
Insert into NEXTROOM.CAFE (CAFENO,USERNO,CAFENAME,CAFEHP,OPENTIME,CLOSETIME,CAFEINTRO,URL,CAFEIMG,POSTCODE,ADDRESS,ADDRESSDETAIL,PRINTADDRESS,SIDO,SIGUNGU,SIDODETAIL,LATITUDE,LONGITUDE) values (1,1,'카페1','02-0000-0000','09:00','24:00','소개글1','www.cafe.com','img01','12345','카페기본주소1','카페상세주소1','카페출력주소1','서울','강남구','강남','12.34','56.78');
Insert into NEXTROOM.CAFE (CAFENO,USERNO,CAFENAME,CAFEHP,OPENTIME,CLOSETIME,CAFEINTRO,URL,CAFEIMG,POSTCODE,ADDRESS,ADDRESSDETAIL,PRINTADDRESS,SIDO,SIGUNGU,SIDODETAIL,LATITUDE,LONGITUDE) values (2,2,'카페2','02-0000-0000','09:00','24:00','소개글2','www.cafe.com','img02','12345','카페기본주소2','카페상세주소2','카페출력주소2','서울','구로구','서울(기타)','12.34','56.78');
REM INSERTING into NEXTROOM.THEME
SET DEFINE OFF;
Insert into NEXTROOM.THEME (THEMENO,CAFENO,THEMENAME,THEMEIMG,JENRE,LEVELS,THEMETYPE,PLAYTIME,ACTIVITY,THEMEINTRO,PRECOMMENDMIN,PRECOMMENDMAX,PMIN,PMAX) values (1,2,'아뜰리에','이미지는없다','느와르',4,'자물쇠',60,'보통','인트로는JYP',null,null,null,null);
Insert into NEXTROOM.THEME (THEMENO,CAFENO,THEMENAME,THEMEIMG,JENRE,LEVELS,THEMETYPE,PLAYTIME,ACTIVITY,THEMEINTRO,PRECOMMENDMIN,PRECOMMENDMAX,PMIN,PMAX) values (2,2,'비밀의 화원','이미지궁금','공포',3,'장치반자물쇠반',50,'많음','인트로는그레이',null,null,null,null);
Insert into NEXTROOM.THEME (THEMENO,CAFENO,THEMENAME,THEMEIMG,JENRE,LEVELS,THEMETYPE,PLAYTIME,ACTIVITY,THEMEINTRO,PRECOMMENDMIN,PRECOMMENDMAX,PMIN,PMAX) values (3,2,'연애학개론',null,null,null,null,null,null,null,null,null,null,null);
Insert into NEXTROOM.THEME (THEMENO,CAFENO,THEMENAME,THEMEIMG,JENRE,LEVELS,THEMETYPE,PLAYTIME,ACTIVITY,THEMEINTRO,PRECOMMENDMIN,PRECOMMENDMAX,PMIN,PMAX) values (4,2,'컬러즈',null,null,null,null,null,null,null,null,null,null,null);
Insert into NEXTROOM.THEME (THEMENO,CAFENO,THEMENAME,THEMEIMG,JENRE,LEVELS,THEMETYPE,PLAYTIME,ACTIVITY,THEMEINTRO,PRECOMMENDMIN,PRECOMMENDMAX,PMIN,PMAX) values (5,2,'블라인드',null,null,null,null,null,null,null,null,null,null,null);
Insert into NEXTROOM.THEME (THEMENO,CAFENO,THEMENAME,THEMEIMG,JENRE,LEVELS,THEMETYPE,PLAYTIME,ACTIVITY,THEMEINTRO,PRECOMMENDMIN,PRECOMMENDMAX,PMIN,PMAX) values (6,2,'베이비 레이스',null,null,null,null,null,null,null,null,null,null,null);
Insert into NEXTROOM.THEME (THEMENO,CAFENO,THEMENAME,THEMEIMG,JENRE,LEVELS,THEMETYPE,PLAYTIME,ACTIVITY,THEMEINTRO,PRECOMMENDMIN,PRECOMMENDMAX,PMIN,PMAX) values (7,2,'슈퍼 엔지니어',null,null,null,null,null,null,null,null,null,null,null);
Insert into NEXTROOM.THEME (THEMENO,CAFENO,THEMENAME,THEMEIMG,JENRE,LEVELS,THEMETYPE,PLAYTIME,ACTIVITY,THEMEINTRO,PRECOMMENDMIN,PRECOMMENDMAX,PMIN,PMAX) values (15,3,'아뜰리에',null,null,null,null,null,null,null,null,null,null,null);
Insert into NEXTROOM.THEME (THEMENO,CAFENO,THEMENAME,THEMEIMG,JENRE,LEVELS,THEMETYPE,PLAYTIME,ACTIVITY,THEMEINTRO,PRECOMMPRECOMMENDMIN,PRECOMMENDMAXEND,PMIN,PMAX) values (16,3,'비밀의 화원',null,null,null,null,null,null,null,null,null,null,null);
Insert into NEXTROOM.THEME (THEMENO,CAFENO,THEMENAME,THEMEIMG,JENRE,LEVELS,THEMETYPE,PLAYTIME,ACTIVITY,THEMEINTRO,PRECOMMENDMIN,PRECOMMENDMAX,PMIN,PMAX) values (17,3,'연애학개론',null,null,null,null,null,null,null,null,null,null,null);
Insert into NEXTROOM.THEME (THEMENO,CAFENO,THEMENAME,THEMEIMG,JENRE,LEVELS,THEMETYPE,PLAYTIME,ACTIVITY,THEMEINTRO,PRECOMMENDMIN,PRECOMMENDMAX,PMIN,PMAX) values (18,3,'컬러즈',null,null,null,null,null,null,null,null,null,null,null);
Insert into NEXTROOM.THEME (THEMENO,CAFENO,THEMENAME,THEMEIMG,JENRE,LEVELS,THEMETYPE,PLAYTIME,ACTIVITY,THEMEINTRO,PRECOMMENDMIN,PRECOMMENDMAX,PMIN,PMAX) values (19,3,'블라인드',null,null,null,null,null,null,null,null,null,null,null);
Insert into NEXTROOM.THEME (THEMENO,CAFENO,THEMENAME,THEMEIMG,JENRE,LEVELS,THEMETYPE,PLAYTIME,ACTIVITY,THEMEINTRO,PRECOMMENDMIN,PRECOMMENDMAX,PMIN,PMAX) values (20,3,'베이비 레이스',null,null,null,null,null,null,null,null,null,null,null);
Insert into NEXTROOM.THEME (THEMENO,CAFENO,THEMENAME,THEMEIMG,JENRE,LEVELS,THEMETYPE,PLAYTIME,ACTIVITY,THEMEINTRO,PRECOMMENDMIN,PRECOMMENDMAX,PMIN,PMAX) values (21,3,'슈퍼 엔지니어',null,null,null,null,null,null,null,null,null,null,null);
REM INSERTING into NEXTROOM.THEMETIME
SET DEFINE OFF;
Insert into NEXTROOM.THEMETIME (THEMETIMENO,THEMENO,THEMETIME) values (1,1,'10:30');
Insert into NEXTROOM.THEMETIME (THEMETIMENO,THEMENO,THEMETIME) values (2,1,'11:45');
Insert into NEXTROOM.THEMETIME (THEMETIMENO,THEMENO,THEMETIME) values (3,1,'13:00');
Insert into NEXTROOM.THEMETIME (THEMETIMENO,THEMENO,THEMETIME) values (4,1,'14:15');
Insert into NEXTROOM.THEMETIME (THEMETIMENO,THEMENO,THEMETIME) values (5,1,'15:30');
Insert into NEXTROOM.THEMETIME (THEMETIMENO,THEMENO,THEMETIME) values (6,1,'16:45');
Insert into NEXTROOM.THEMETIME (THEMETIMENO,THEMENO,THEMETIME) values (7,1,'18:00');
Insert into NEXTROOM.THEMETIME (THEMETIMENO,THEMENO,THEMETIME) values (8,1,'19:15');
Insert into NEXTROOM.THEMETIME (THEMETIMENO,THEMENO,THEMETIME) values (9,1,'20:30');
Insert into NEXTROOM.THEMETIME (THEMETIMENO,THEMENO,THEMETIME) values (10,1,'21:45');
Insert into NEXTROOM.THEMETIME (THEMETIMENO,THEMENO,THEMETIME) values (11,1,'23:00');
Insert into NEXTROOM.THEMETIME (THEMETIMENO,THEMENO,THEMETIME) values (12,1,'24:15');
REM INSERTING into NEXTROOM.INTERIORIMG
SET DEFINE OFF;
REM INSERTING into NEXTROOM.PARTY
SET DEFINE OFF;
Insert into NEXTROOM.PARTY (PARTYNO,USERNO,RESERVEDATENO,RESERVEDATE,CAFENO,THEMENO,RESERVETIMENO,THEMETIME,RESERVEPERSON,CONTENT,PARTYSTATE) values (1,null,null,to_date('21/10/13','RR/MM/DD'),2,1,null,'20:15',4,'d','모집중');
REM INSERTING into NEXTROOM.PARTYAPPLICANT
SET DEFINE OFF;
REM INSERTING into NEXTROOM.PARTYDETAIL
SET DEFINE OFF;
REM INSERTING into NEXTROOM.PRERECORD
SET DEFINE OFF;
Insert into NEXTROOM.PRERECORD (GAMENO,THEMENO,RESERVENO,REGDATE,TOTALPERSON,GAMESTATE) values (1,1,1,to_date('21/10/01','RR/MM/DD'),3,'진행중');
Insert into NEXTROOM.PRERECORD (GAMENO,THEMENO,RESERVENO,REGDATE,TOTALPERSON,GAMESTATE) values (2,1,2,to_date('21/10/01','RR/MM/DD'),4,'진행중');



REM INSERTING into NEXTROOM.RECORD

Insert into NEXTROOM.USERS (USERNO,ID,PASSWORD,USERNAME,USERHP,EMAIL,NICKNAME,USERTYPE) values (USERNO.nextval,'user01','user01','일유저','010-1111-1111','user01@nate.com','1유저',1);
Insert into NEXTROOM.USERS (USERNO,ID,PASSWORD,USERNAME,USERHP,EMAIL,NICKNAME,USERTYPE) values (USERNO.nextval,'user02','user02','이유저','010-1111-1111','user02@nate.com','2유저',1);
Insert into NEXTROOM.USERS (USERNO,ID,PASSWORD,USERNAME,USERHP,EMAIL,NICKNAME,USERTYPE) values (USERNO.nextval,'user03','user03','삼유저','010-1111-1111','user03@nate.com','3유저',1);
Insert into NEXTROOM.USERS (USERNO,ID,PASSWORD,USERNAME,USERHP,EMAIL,NICKNAME,USERTYPE) values (USERNO.nextval,'user04','user04','사유저','010-1111-1111','user04@nate.com','4유저',1);
Insert into NEXTROOM.USERS (USERNO,ID,PASSWORD,USERNAME,USERHP,EMAIL,NICKNAME,USERTYPE) values (USERNO.nextval,'user05','user05','오유저','010-1111-1111','user05@nate.com','5유저',1);
Insert into NEXTROOM.USERS (USERNO,ID,PASSWORD,USERNAME,USERHP,EMAIL,NICKNAME,USERTYPE) values (USERNO.nextval,'user06','user06','육유저','010-1111-1111','user06@nate.com','6유저',1);
Insert into NEXTROOM.USERS (USERNO,ID,PASSWORD,USERNAME,USERHP,EMAIL,NICKNAME,USERTYPE) values (USERNO.nextval,'user07','user07','칠유저','010-1111-1111','user07@nate.com','7유저',1);
Insert into NEXTROOM.USERS (USERNO,ID,PASSWORD,USERNAME,USERHP,EMAIL,NICKNAME,USERTYPE) values (USERNO.nextval,'user08','user08','팔유저','010-1111-1111','user08@nate.com','8유저',1);
Insert into NEXTROOM.USERS (USERNO,ID,PASSWORD,USERNAME,USERHP,EMAIL,NICKNAME,USERTYPE) values (USERNO.nextval,'user09','user09','구유저','010-1111-1111','user09@nate.com','9유저',1);
Insert into NEXTROOM.USERS (USERNO,ID,PASSWORD,USERNAME,USERHP,EMAIL,NICKNAME,USERTYPE) values (USERNO.nextval,'user10','user10','십유저','010-1111-1111','user10@nate.com','10유저',1);
Insert into NEXTROOM.USERS (USERNO,ID,PASSWORD,USERNAME,USERHP,EMAIL,NICKNAME,USERTYPE) values (USERNO.nextval,'user11','user11','십일유저','010-1111-1111','user11@nate.com','11유저',1);
Insert into NEXTROOM.USERS (USERNO,ID,PASSWORD,USERNAME,USERHP,EMAIL,NICKNAME,USERTYPE) values (USERNO.nextval,'user12','user12','십이유저','010-1111-1111','user12@nate.com','12유저',1);
Insert into NEXTROOM.USERS (USERNO,ID,PASSWORD,USERNAME,USERHP,EMAIL,NICKNAME,USERTYPE) values (USERNO.nextval,'user13','user13','십삼유저','010-1111-1111','user13@nate.com','13유저',1);
Insert into NEXTROOM.USERS (USERNO,ID,PASSWORD,USERNAME,USERHP,EMAIL,NICKNAME,USERTYPE) values (USERNO.nextval,'user14','user14','십사유저','010-1111-1111','user14@nate.com','14유저',1);
Insert into NEXTROOM.USERS (USERNO,ID,PASSWORD,USERNAME,USERHP,EMAIL,NICKNAME,USERTYPE) values (USERNO.nextval,'user15','user15','십오유저','010-1111-1111','user15@nate.com','15유저',1);
Insert into NEXTROOM.USERS (USERNO,ID,PASSWORD,USERNAME,USERHP,EMAIL,NICKNAME,USERTYPE) values (USERNO.nextval,'user16','user16','십육유저','010-1111-1111','user016nate.com','16유저',1);
Insert into NEXTROOM.USERS (USERNO,ID,PASSWORD,USERNAME,USERHP,EMAIL,NICKNAME,USERTYPE) values (USERNO.nextval,'user17','user17','십칠유저','010-1111-1111','user017nate.com','17유저',1);
Insert into NEXTROOM.USERS (USERNO,ID,PASSWORD,USERNAME,USERHP,EMAIL,NICKNAME,USERTYPE) values (USERNO.nextval,'user18','user18','십팔유저','010-1111-1111','user018@nate.com','18유저',1);
Insert into NEXTROOM.USERS (USERNO,ID,PASSWORD,USERNAME,USERHP,EMAIL,NICKNAME,USERTYPE) values (USERNO.nextval,'user19','user19','십구유저','010-1111-1111','user019@nate.com','19유저',1);
Insert into NEXTROOM.USERS (USERNO,ID,PASSWORD,USERNAME,USERHP,EMAIL,NICKNAME,USERTYPE) values (USERNO.nextval,'admin01','admin01','일드민','010-1111-1111','admin01@nate.com','1드민',1);
Insert into NEXTROOM.USERS (USERNO,ID,PASSWORD,USERNAME,USERHP,EMAIL,NICKNAME,USERTYPE) values (USERNO.nextval,'admin02','admin02','이드민','010-1111-1111','admin02@nate.com','2드민',1);
Insert into NEXTROOM.USERS (USERNO,ID,PASSWORD,USERNAME,USERHP,EMAIL,NICKNAME,USERTYPE) values (USERNO.nextval,'admin03','admin03','삼드민','010-1111-1111','admin03@nate.com','3드민',1);

Insert into NEXTROOM.RANKRATING (USERNO,USERRATING,WINRATE,NOHINTWINRATE,SHOWAVGCLEARTIME,GAMEHISTORY) values (3,0,0,0,null,null);
Insert into NEXTROOM.RANKRATING (USERNO,USERRATING,WINRATE,NOHINTWINRATE,SHOWAVGCLEARTIME,GAMEHISTORY) values (1,0,0,0,null,null);
Insert into NEXTROOM.RANKRATING (USERNO,USERRATING,WINRATE,NOHINTWINRATE,SHOWAVGCLEARTIME,GAMEHISTORY) values (2,0,0,0,null,null);
Insert into NEXTROOM.RANKRATING (USERNO,USERRATING,WINRATE,NOHINTWINRATE,SHOWAVGCLEARTIME,GAMEHISTORY) values (4,0,0,0,null,null);
Insert into NEXTROOM.RANKRATING (USERNO,USERRATING,WINRATE,NOHINTWINRATE,SHOWAVGCLEARTIME,GAMEHISTORY) values (5,0,0,0,null,null);
Insert into NEXTROOM.RANKRATING (USERNO,USERRATING,WINRATE,NOHINTWINRATE,SHOWAVGCLEARTIME,GAMEHISTORY) values (6,0,0,0,null,null);
Insert into NEXTROOM.RANKRATING (USERNO,USERRATING,WINRATE,NOHINTWINRATE,SHOWAVGCLEARTIME,GAMEHISTORY) values (7,0,0,0,null,null);
Insert into NEXTROOM.RANKRATING (USERNO,USERRATING,WINRATE,NOHINTWINRATE,SHOWAVGCLEARTIME,GAMEHISTORY) values (8,0,0,0,null,null);
Insert into NEXTROOM.RANKRATING (USERNO,USERRATING,WINRATE,NOHINTWINRATE,SHOWAVGCLEARTIME,GAMEHISTORY) values (9,0,0,0,null,null);
Insert into NEXTROOM.RANKRATING (USERNO,USERRATING,WINRATE,NOHINTWINRATE,SHOWAVGCLEARTIME,GAMEHISTORY) values (10,0,0,0,null,null);
Insert into NEXTROOM.RANKRATING (USERNO,USERRATING,WINRATE,NOHINTWINRATE,SHOWAVGCLEARTIME,GAMEHISTORY) values (11,0,0,0,null,null);
Insert into NEXTROOM.RANKRATING (USERNO,USERRATING,WINRATE,NOHINTWINRATE,SHOWAVGCLEARTIME,GAMEHISTORY) values (12,0,0,0,null,null);
Insert into NEXTROOM.RANKRATING (USERNO,USERRATING,WINRATE,NOHINTWINRATE,SHOWAVGCLEARTIME,GAMEHISTORY) values (13,0,0,0,null,null);
Insert into NEXTROOM.RANKRATING (USERNO,USERRATING,WINRATE,NOHINTWINRATE,SHOWAVGCLEARTIME,GAMEHISTORY) values (14,0,0,0,null,null);
Insert into NEXTROOM.RANKRATING (USERNO,USERRATING,WINRATE,NOHINTWINRATE,SHOWAVGCLEARTIME,GAMEHISTORY) values (15,0,0,0,null,null);
Insert into NEXTROOM.RANKRATING (USERNO,USERRATING,WINRATE,NOHINTWINRATE,SHOWAVGCLEARTIME,GAMEHISTORY) values (16,0,0,0,null,null);
Insert into NEXTROOM.RANKRATING (USERNO,USERRATING,WINRATE,NOHINTWINRATE,SHOWAVGCLEARTIME,GAMEHISTORY) values (17,0,0,0,null,null);
Insert into NEXTROOM.RANKRATING (USERNO,USERRATING,WINRATE,NOHINTWINRATE,SHOWAVGCLEARTIME,GAMEHISTORY) values (18,0,0,0,null,null);
Insert into NEXTROOM.RANKRATING (USERNO,USERRATING,WINRATE,NOHINTWINRATE,SHOWAVGCLEARTIME,GAMEHISTORY) values (19,0,0,0,null,null);
Insert into NEXTROOM.RANKRATING (USERNO,USERRATING,WINRATE,NOHINTWINRATE,SHOWAVGCLEARTIME,GAMEHISTORY) values (20,0,0,0,null,null);
Insert into NEXTROOM.RANKRATING (USERNO,USERRATING,WINRATE,NOHINTWINRATE,SHOWAVGCLEARTIME,GAMEHISTORY) values (21,0,0,0,null,null);
Insert into NEXTROOM.RANKRATING (USERNO,USERRATING,WINRATE,NOHINTWINRATE,SHOWAVGCLEARTIME,GAMEHISTORY) values (22,0,0,0,null,null);
Insert into NEXTROOM.RANKRATING (USERNO,USERRATING,WINRATE,NOHINTWINRATE,SHOWAVGCLEARTIME,GAMEHISTORY) values (23,0,0,0,null,null);
Insert into NEXTROOM.RANKRATING (USERNO,USERRATING,WINRATE,NOHINTWINRATE,SHOWAVGCLEARTIME,GAMEHISTORY) values (24,0,0,0,null,null);
Insert into NEXTROOM.RANKRATING (USERNO,USERRATING,WINRATE,NOHINTWINRATE,SHOWAVGCLEARTIME,GAMEHISTORY) values (25,0,0,0,null,null);
Insert into NEXTROOM.RANKRATING (USERNO,USERRATING,WINRATE,NOHINTWINRATE,SHOWAVGCLEARTIME,GAMEHISTORY) values (26,0,0,0,null,null);
Insert into NEXTROOM.RANKRATING (USERNO,USERRATING,WINRATE,NOHINTWINRATE,SHOWAVGCLEARTIME,GAMEHISTORY) values (27,0,0,0,null,null);
SET DEFINE OFF;
REM INSERTING into NEXTROOM.RESERVE
SET DEFINE OFF;
Insert into NEXTROOM.RESERVE (RESERVENO,RESERVETIMENO,USERNO,RESERVENAME,RESERVEHP,PAYMENT,RESERVEPERSON,PAYMENTSTATE) values (1,24,1,'김수한무','010-4545-9797','24000',2,1);
Insert into NEXTROOM.RESERVE (RESERVENO,RESERVETIMENO,USERNO,RESERVENAME,RESERVEHP,PAYMENT,RESERVEPERSON,PAYMENTSTATE) values (2,19,1,'김수한무','010-4545-9797','24000',2,1);
Insert into NEXTROOM.RESERVE (RESERVENO,RESERVETIMENO,USERNO,RESERVENAME,RESERVEHP,PAYMENT,RESERVEPERSON,PAYMENTSTATE) values (3,13,1,'김수한무','010-4545-9797','24000',2,1);
Insert into NEXTROOM.RESERVE (RESERVENO,RESERVETIMENO,USERNO,RESERVENAME,RESERVEHP,PAYMENT,RESERVEPERSON,PAYMENTSTATE) values (4,15,1,'김수한무','010-4545-9797','24000',2,1);
Insert into NEXTROOM.RESERVE (RESERVENO,RESERVETIMENO,USERNO,RESERVENAME,RESERVEHP,PAYMENT,RESERVEPERSON,PAYMENTSTATE) values (5,17,2,'찐','010-4545-9797','45000',4,1);
Insert into NEXTROOM.RESERVE (RESERVENO,RESERVETIMENO,USERNO,RESERVENAME,RESERVEHP,PAYMENT,RESERVEPERSON,PAYMENTSTATE) values (6,20,2,'찐','010-4545-9797','45000',4,1);
REM INSERTING into NEXTROOM.RESERVEDATE
SET DEFINE OFF;
Insert into NEXTROOM.RESERVEDATE (RESERVEDATENO,THEMENO,RESERVEDATE) values (1,1,to_date('21/09/30','RR/MM/DD'));
Insert into NEXTROOM.RESERVEDATE (RESERVEDATENO,THEMENO,RESERVEDATE) values (2,1,to_date('21/10/02','RR/MM/DD'));
Insert into NEXTROOM.RESERVEDATE (RESERVEDATENO,THEMENO,RESERVEDATE) values (3,1,to_date('21/10/10','RR/MM/DD'));
Insert into NEXTROOM.RESERVEDATE (RESERVEDATENO,THEMENO,RESERVEDATE) values (4,1,to_date('21/10/15','RR/MM/DD'));
Insert into NEXTROOM.RESERVEDATE (RESERVEDATENO,THEMENO,RESERVEDATE) values (5,1,to_date('21/10/05','RR/MM/DD'));
Insert into NEXTROOM.RESERVEDATE (RESERVEDATENO,THEMENO,RESERVEDATE) values (6,1,to_date('21/10/22','RR/MM/DD'));
REM INSERTING into NEXTROOM.RESERVEPEOPLE
SET DEFINE OFF;
Insert into NEXTROOM.RESERVEPEOPLE (RESERVEMEMBERNO,RESERVENO,USERNO) values (1,1,3);
Insert into NEXTROOM.RESERVEPEOPLE (RESERVEMEMBERNO,RESERVENO,USERNO) values (2,1,1);
Insert into NEXTROOM.RESERVEPEOPLE (RESERVEMEMBERNO,RESERVENO,USERNO) values (3,1,2);
Insert into NEXTROOM.RESERVEPEOPLE (RESERVEMEMBERNO,RESERVENO,USERNO) values (4,2,4);
Insert into NEXTROOM.RESERVEPEOPLE (RESERVEMEMBERNO,RESERVENO,USERNO) values (5,2,5);
Insert into NEXTROOM.RESERVEPEOPLE (RESERVEMEMBERNO,RESERVENO,USERNO) values (6,2,1);
Insert into NEXTROOM.RESERVEPEOPLE (RESERVEMEMBERNO,RESERVENO,USERNO) values (7,2,2);
REM INSERTING into NEXTROOM.RESERVETIME
SET DEFINE OFF;
Insert into NEXTROOM.RESERVETIME (RESERVETIMENO,RESERVEDATENO,RESERVETIME,RESERVESTATE) values (1,1,'13:00',2);
Insert into NEXTROOM.RESERVETIME (RESERVETIMENO,RESERVEDATENO,RESERVETIME,RESERVESTATE) values (2,1,'14:15',2);
Insert into NEXTROOM.RESERVETIME (RESERVETIMENO,RESERVEDATENO,RESERVETIME,RESERVESTATE) values (3,2,'13:00',1);
Insert into NEXTROOM.RESERVETIME (RESERVETIMENO,RESERVEDATENO,RESERVETIME,RESERVESTATE) values (4,2,'15:30',3);
Insert into NEXTROOM.RESERVETIME (RESERVETIMENO,RESERVEDATENO,RESERVETIME,RESERVESTATE) values (5,2,'19:15',3);
Insert into NEXTROOM.RESERVETIME (RESERVETIMENO,RESERVEDATENO,RESERVETIME,RESERVESTATE) values (6,2,'18:00',3);
Insert into NEXTROOM.RESERVETIME (RESERVETIMENO,RESERVEDATENO,RESERVETIME,RESERVESTATE) values (7,2,'21:45',3);
Insert into NEXTROOM.RESERVETIME (RESERVETIMENO,RESERVEDATENO,RESERVETIME,RESERVESTATE) values (8,2,'10:30',1);
Insert into NEXTROOM.RESERVETIME (RESERVETIMENO,RESERVEDATENO,RESERVETIME,RESERVESTATE) values (9,2,'14:15',3);
Insert into NEXTROOM.RESERVETIME (RESERVETIMENO,RESERVEDATENO,RESERVETIME,RESERVESTATE) values (10,2,'20:30',1);
Insert into NEXTROOM.RESERVETIME (RESERVETIMENO,RESERVEDATENO,RESERVETIME,RESERVESTATE) values (11,2,'11:45',1);
Insert into NEXTROOM.RESERVETIME (RESERVETIMENO,RESERVEDATENO,RESERVETIME,RESERVESTATE) values (12,3,'14:15',3);
Insert into NEXTROOM.RESERVETIME (RESERVETIMENO,RESERVEDATENO,RESERVETIME,RESERVESTATE) values (13,3,'19:15',2);
Insert into NEXTROOM.RESERVETIME (RESERVETIMENO,RESERVEDATENO,RESERVETIME,RESERVESTATE) values (14,3,'21:45',3);
Insert into NEXTROOM.RESERVETIME (RESERVETIMENO,RESERVEDATENO,RESERVETIME,RESERVESTATE) values (15,2,'24:15',2);
Insert into NEXTROOM.RESERVETIME (RESERVETIMENO,RESERVEDATENO,RESERVETIME,RESERVESTATE) values (16,4,'13:00',3);
Insert into NEXTROOM.RESERVETIME (RESERVETIMENO,RESERVEDATENO,RESERVETIME,RESERVESTATE) values (17,5,'13:00',2);
Insert into NEXTROOM.RESERVETIME (RESERVETIMENO,RESERVEDATENO,RESERVETIME,RESERVESTATE) values (18,5,'14:15',3);
Insert into NEXTROOM.RESERVETIME (RESERVETIMENO,RESERVEDATENO,RESERVETIME,RESERVESTATE) values (19,6,'14:15',2);
Insert into NEXTROOM.RESERVETIME (RESERVETIMENO,RESERVEDATENO,RESERVETIME,RESERVESTATE) values (20,6,'13:00',2);
Insert into NEXTROOM.RESERVETIME (RESERVETIMENO,RESERVEDATENO,RESERVETIME,RESERVESTATE) values (21,6,'11:45',3);
Insert into NEXTROOM.RESERVETIME (RESERVETIMENO,RESERVEDATENO,RESERVETIME,RESERVESTATE) values (22,6,'18:00',3);
Insert into NEXTROOM.RESERVETIME (RESERVETIMENO,RESERVEDATENO,RESERVETIME,RESERVESTATE) values (23,6,'19:15',1);
Insert into NEXTROOM.RESERVETIME (RESERVETIMENO,RESERVEDATENO,RESERVETIME,RESERVESTATE) values (24,6,'10:30',2);
--후기게시판이요
REM INSERTING into NEXTROOM.REVIEW
SET DEFINE OFF;
Insert into NEXTROOM.REVIEW (REVIEWNO,THEMENO,USERNO,FEELLEVEL,RATING,RECTIME,REVIEWHINTS,REVIEWCLEAR,MEMBERNUM,PLAYDATE,REVIEWREGDATE,REVIEWLIKE,REVIEWTITLE,REVIEWCONTENT,REVIEWHIT) values (1,1,4,3,5,1800,0,'clear',2,to_date('21/09/30','RR/MM/DD'),to_date('21/09/30','RR/MM/DD'),0,'ㅎㅇ','대니입니다 ~ ',0);
Insert into NEXTROOM.REVIEW (REVIEWNO,THEMENO,USERNO,FEELLEVEL,RATING,RECTIME,REVIEWHINTS,REVIEWCLEAR,MEMBERNUM,PLAYDATE,REVIEWREGDATE,REVIEWLIKE,REVIEWTITLE,REVIEWCONTENT,REVIEWHIT) values (REVIEWNO.NEXTVAL,2,1,4,5,3600,4,'실패',2,to_date('21/09/30','RR/MM/DD'),to_date('21/09/30','RR/MM/DD'),0,'졸려','내용물',1);
Insert into NEXTROOM.REVIEW (REVIEWNO,THEMENO,USERNO,FEELLEVEL,RATING,RECTIME,REVIEWHINTS,REVIEWCLEAR,MEMBERNUM,PLAYDATE,REVIEWREGDATE,REVIEWLIKE,REVIEWTITLE,REVIEWCONTENT,REVIEWHIT) values (REVIEWNO.NEXTVAL,3,2,2,5,2510,2,'성공',2,to_date('21/09/30','RR/MM/DD'),to_date('21/09/30','RR/MM/DD'),0,'미리 넣어두기','대니입니다 ~ ',2);
Insert into NEXTROOM.REVIEW (REVIEWNO,THEMENO,USERNO,FEELLEVEL,RATING,RECTIME,REVIEWHINTS,REVIEWCLEAR,MEMBERNUM,PLAYDATE,REVIEWREGDATE,REVIEWLIKE,REVIEWTITLE,REVIEWCONTENT,REVIEWHIT) values (REVIEWNO.NEXTVAL,4,1,2,4,2000,1,'실패',3,to_date('21/10/01','RR/MM/DD'),to_date('21/10/01','RR/MM/DD'),0,'자고싶다','대니입니다 ~ ',3);
Insert into NEXTROOM.REVIEW (REVIEWNO,THEMENO,USERNO,FEELLEVEL,RATING,RECTIME,REVIEWHINTS,REVIEWCLEAR,MEMBERNUM,PLAYDATE,REVIEWREGDATE,REVIEWLIKE,REVIEWTITLE,REVIEWCONTENT,REVIEWHIT) values (REVIEWNO.NEXTVAL,5,2,1,3,2200,2,'성공',4,to_date('21/10/02','RR/MM/DD'),to_date('21/10/02','RR/MM/DD'),0,'낼학원감','대니입니다 ~ ',4);
Insert into NEXTROOM.REVIEW (REVIEWNO,THEMENO,USERNO,FEELLEVEL,RATING,RECTIME,REVIEWHINTS,REVIEWCLEAR,MEMBERNUM,PLAYDATE,REVIEWREGDATE,REVIEWLIKE,REVIEWTITLE,REVIEWCONTENT,REVIEWHIT) values (REVIEWNO.NEXTVAL,6,3,5,2,2400,3,'실패',5,to_date('21/10/03','RR/MM/DD'),to_date('21/10/03','RR/MM/DD'),0,'오징어게임','대니입니다 ~ ',5);
Insert into NEXTROOM.REVIEW (REVIEWNO,THEMENO,USERNO,FEELLEVEL,RATING,RECTIME,REVIEWHINTS,REVIEWCLEAR,MEMBERNUM,PLAYDATE,REVIEWREGDATE,REVIEWLIKE,REVIEWTITLE,REVIEWCONTENT,REVIEWHIT) values (REVIEWNO.NEXTVAL,7,4,4,1,2600,4,'성공',1,to_date('21/10/04','RR/MM/DD'),to_date('21/10/04','RR/MM/DD'),0,'DP','대니입니다 ~ ',6);
Insert into NEXTROOM.REVIEW (REVIEWNO,THEMENO,USERNO,FEELLEVEL,RATING,RECTIME,REVIEWHINTS,REVIEWCLEAR,MEMBERNUM,PLAYDATE,REVIEWREGDATE,REVIEWLIKE,REVIEWTITLE,REVIEWCONTENT,REVIEWHIT) values (REVIEWNO.NEXTVAL,15,5,3,5,4567,5,'실패',2,to_date('21/10/05','RR/MM/DD'),to_date('21/10/05','RR/MM/DD'),0,'회에 소주','대니입니다 ~ ',7);
Insert into NEXTROOM.REVIEW (REVIEWNO,THEMENO,USERNO,FEELLEVEL,RATING,RECTIME,REVIEWHINTS,REVIEWCLEAR,MEMBERNUM,PLAYDATE,REVIEWREGDATE,REVIEWLIKE,REVIEWTITLE,REVIEWCONTENT,REVIEWHIT) values (REVIEWNO.NEXTVAL,17,1,2,4,1234,1,'성공',3,to_date('21/10/06','RR/MM/DD'),to_date('21/10/06','RR/MM/DD'),0,'먹고싶다','대니입니다 ~ ',8);
Insert into NEXTROOM.REVIEW (REVIEWNO,THEMENO,USERNO,FEELLEVEL,RATING,RECTIME,REVIEWHINTS,REVIEWCLEAR,MEMBERNUM,PLAYDATE,REVIEWREGDATE,REVIEWLIKE,REVIEWTITLE,REVIEWCONTENT,REVIEWHIT) values (REVIEWNO.NEXTVAL,18,2,1,3,1593,2,'실패',4,to_date('21/10/07','RR/MM/DD'),to_date('21/10/07','RR/MM/DD'),0,'코로나 언제끝나나','대니입니다 ~ ',9);
Insert into NEXTROOM.REVIEW (REVIEWNO,THEMENO,USERNO,FEELLEVEL,RATING,RECTIME,REVIEWHINTS,REVIEWCLEAR,MEMBERNUM,PLAYDATE,REVIEWREGDATE,REVIEWLIKE,REVIEWTITLE,REVIEWCONTENT,REVIEWHIT) values (REVIEWNO.NEXTVAL,19,3,5,2,7894,3,'성공',5,to_date('21/10/08','RR/MM/DD'),to_date('21/10/07','RR/MM/DD'),0,'아 나는 아무 생각이 없다','대니입니다 ~ ',10);
Insert into NEXTROOM.REVIEW (REVIEWNO,THEMENO,USERNO,FEELLEVEL,RATING,RECTIME,REVIEWHINTS,REVIEWCLEAR,MEMBERNUM,PLAYDATE,REVIEWREGDATE,REVIEWLIKE,REVIEWTITLE,REVIEWCONTENT,REVIEWHIT) values (REVIEWNO.NEXTVAL,20,4,4,1,3254,4,'실패',1,to_date('21/10/09','RR/MM/DD'),to_date('21/10/07','RR/MM/DD'),0,'왜냐하면','대니입니다 ~ ',11);
Insert into NEXTROOM.REVIEW (REVIEWNO,THEMENO,USERNO,FEELLEVEL,RATING,RECTIME,REVIEWHINTS,REVIEWCLEAR,MEMBERNUM,PLAYDATE,REVIEWREGDATE,REVIEWLIKE,REVIEWTITLE,REVIEWCONTENT,REVIEWHIT) values (REVIEWNO.NEXTVAL,21,5,3,5,2910,0,'성공',2,to_date('21/10/10','RR/MM/DD'),to_date('21/10/07','RR/MM/DD'),0,'아무생각이 없기 때문이다','대니입니다 ~ ',12);
--자유게시판이요
REM INSERTING into NEXTROOM.FREEBOARD
SET DEFINE OFF;
Insert into NEXTROOM.FREEBOARD (BOARDNO,USERNO,BOARDTITLE,BOARDCONTENT,REGDATE,BOARDHIT,BOARDLIKE) values (1,1,'자유게시판','내용',to_date('21/09/30','RR/MM/DD'),0,0);
Insert into NEXTROOM.FREEBOARD (BOARDNO,USERNO,BOARDTITLE,BOARDCONTENT,REGDATE,BOARDHIT,BOARDLIKE) values (BOARDNO.NEXTVAL,2,'어떡해 벌써 12시','내용',to_date('21/09/30','RR/MM/DD'),1,0);
Insert into NEXTROOM.FREEBOARD (BOARDNO,USERNO,BOARDTITLE,BOARDCONTENT,REGDATE,BOARDHIT,BOARDLIKE) values (BOARDNO.NEXTVAL,3,'벌써 12시네','내용',to_date('21/10/01','RR/MM/DD'),2,0);
Insert into NEXTROOM.FREEBOARD (BOARDNO,USERNO,BOARDTITLE,BOARDCONTENT,REGDATE,BOARDHIT,BOARDLIKE) values (BOARDNO.NEXTVAL,4,'시간 엄청 잘가쥬?','내용',to_date('21/10/01','RR/MM/DD'),3,0);
Insert into NEXTROOM.FREEBOARD (BOARDNO,USERNO,BOARDTITLE,BOARDCONTENT,REGDATE,BOARDHIT,BOARDLIKE) values (BOARDNO.NEXTVAL,5,'이 시간만 되면 야식 때리고 싶쥬?','내용',to_date('21/10/02','RR/MM/DD'),4,0);
Insert into NEXTROOM.FREEBOARD (BOARDNO,USERNO,BOARDTITLE,BOARDCONTENT,REGDATE,BOARDHIT,BOARDLIKE) values (BOARDNO.NEXTVAL,1,'아름다워','내용',to_date('21/10/02','RR/MM/DD'),5,0);
Insert into NEXTROOM.FREEBOARD (BOARDNO,USERNO,BOARDTITLE,BOARDCONTENT,REGDATE,BOARDHIT,BOARDLIKE) values (BOARDNO.NEXTVAL,2,'BAND','내용',to_date('21/10/03','RR/MM/DD'),6,0);
Insert into NEXTROOM.FREEBOARD (BOARDNO,USERNO,BOARDTITLE,BOARDCONTENT,REGDATE,BOARDHIT,BOARDLIKE) values (BOARDNO.NEXTVAL,3,'selfmade Orange','내용',to_date('21/10/04','RR/MM/DD'),7,0);
Insert into NEXTROOM.FREEBOARD (BOARDNO,USERNO,BOARDTITLE,BOARDCONTENT,REGDATE,BOARDHIT,BOARDLIKE) values (BOARDNO.NEXTVAL,4,'아이야','내용',to_date('21/10/05','RR/MM/DD'),8,0);
Insert into NEXTROOM.FREEBOARD (BOARDNO,USERNO,BOARDTITLE,BOARDCONTENT,REGDATE,BOARDHIT,BOARDLIKE) values (BOARDNO.NEXTVAL,5,'wait for me','내용',to_date('21/10/06','RR/MM/DD'),9,0);
Insert into NEXTROOM.FREEBOARD (BOARDNO,USERNO,BOARDTITLE,BOARDCONTENT,REGDATE,BOARDHIT,BOARDLIKE) values (BOARDNO.NEXTVAL,1,'Swoosh Flow','내용',to_date('21/10/07','RR/MM/DD'),10,0);
Insert into NEXTROOM.FREEBOARD (BOARDNO,USERNO,BOARDTITLE,BOARDCONTENT,REGDATE,BOARDHIT,BOARDLIKE) values (BOARDNO.NEXTVAL,2,'Blue Moon','내용',to_date('21/10/08','RR/MM/DD'),11,0);


REM INSERTING into NEXTROOM.THEMEPRICE
SET DEFINE OFF;
REM INSERTING into NEXTROOM.THMEPRICE
SET DEFINE OFF;